movie,sentence,score
외계+인 1부,현대에서 김우빈의 형형색색 활약 (존멋) 과거에서 류준열의 잔망미 그리고 김태리 사이다 등장! 근데 염정아 조우진이 제일 우낌 ㅋㅋㅋ,10
외계+인 1부,아 진짜 너무 재밌어요 미쳤다 …..,10
외계+인 1부,1부.2부 인데. 2부를 볼필요.있냐. 보통은. 3시간 이상으로 한번에,2
외계+인 1부,진짜 첨엔 뭐가 많다 싶었는데 뒤로 갈수록 핵잼. 2편 언제나옴 ㅠㅠ,10
외계+인 1부,전우치는 무슨..아이언맨이야?,4
핸썸,현준이형 ubd클레멘타인보다 더 심한것같아ㅎ모니터에 cg는 무슨 꽁트수준이고 연기들은 오글ㅎ,1
미니언즈2,진짜 다 너무귀엽고 재미있어요,10
미니언즈2,오래 기다린 만큼 너무 재밌었음,10
외계+인 1부,역시 최동훈 감독님!!평론가들도 다달라서 혹시나했는데역시나 너무 재미있어요,10
외계+인 1부,돈은 꽤들은것 같은대 내용이... 소지섭  발연기가 볼 만함  이하늬 엔딩씬  궁금 하~~~,6
외계+인 1부,"조우진님, 염정아님 너무재밌었음. 그것뿐이었음.",3
외계+인 1부,세번 이상 볼거 같음 ㅋㅋㅋ,10
외계+인 1부,괜찮네요 괜찮네요 무난,10
외계+인 1부,개인적으로 극호…! 매순간 너무 재밌었어요 :),10
헤어질 결심,모든것이 여운이 남네요혼자보길 추천드려요,10
외계+인 1부,2부를 위한 프롤로그. 2부까지 봐야 정확한 평가가 나올듯한..,10
외계+인 1부,"가족들과 까딱하면 이야기가 산으로 가겠다고 웃으며 얘기했었는데, 제 기준에서는 다행히 괜찮았어요. 예고편 보고, 전우치 떠올렸었는데 같은 감독님 작품이더군요. 전우치 괜찮게 보신 분들이라면 나쁘지 않을 거 같아요. 평론가들의 호불호가 갈린다고 해서, 일부러 유투브 작품평은 안보고 관람했고, 이제부터  유툽 감상평보며, 제 느낌과 차이를 확인해 보려구요. 배우 인터뷰 보니 영화 촬영은 모두 완료된 상태라고 들었어요. 혹시 1편 성적 나빠 개봉 안할 걱정은 안해도 되겠지요? 2편 궁금합니다. 내년 말고, 겨울 방학 시즌에 해주면 좋겠어요.",9
외계+인 1부,"영화 토르보단 재밌었음. 탑건 4d,아맥이나 다시 올려주셈. ",6
외계+인 1부,2편도 빨리 개봉해줘라ㅠㅠㅠ,10
외계+인 1부,알 수 없는 이야기 구조와 액션의 조화!!! 이해 못하면...,10
외계+인 1부,감독과 배우가 믿기지 않은 졸잘,2
외계+인 1부,최동훈 감독님의 유머와 재치가 느껴지는 영화.고전소재의 SF. 전우치 후속을 엄 청 기대했었는데외계+인으로 돌아오셔서 기대중이었다 개봉 첫날첫영화 보고와서 넘  뿌듯합니다.,10
외계+인 1부,그냥 전개가 좀 느려서.. 좀 지루했어요,8
외계+인 1부,"진짜 재밌게, 시간이 어떻게 가는지 모르게 봤습니다. 음악도 재밌고 연기도 좋고 CG는 정말 대단.. 우리나라 진짜 수준이 높다..라고 생각됩니다.",10
미니언즈2,정말 이야기가 재밌고 미니언즈들 역시나 귀엽네요 ㅎㅎ,9
외계+인 1부,재밌는지 재미없는지 모르겠음..,7
외계+인 1부,개봉첫날 미니언즈에도 밀린 예매율. 좋아하는 배우 나왔다고 감싸지 말자. 전우치의 재기발랄함은 어디로 갔나? ,1
외계+인 1부,내용 신선 배우들 연기훌륭 연출력 좋고 전 너무 재밌게봤어요 벌써 2부 기대됨,10
외계+인 1부,다~ 좋아하는 출연진에 제대로된 cg영상미 좋네요,10
탑건: 매버릭,"4DX, IMAX, 2D 로 세 번 보고 와도 매번 감동이였습니다.",10
배틀쉽,개재밌는데 대체 뭐가 문제지 욱일기도 고증 맞출라면 어쩔수 없음 현용 해자대 함수기이니.. ,10
외계+인 1부,굿,10
토르: 러브 앤 썬더,"마블빠 ㅅ끼들 왜이리 역하냐 ㅋㅋㅋ 어떻게든 쓸데없는 서론 갖다붙혀서 난 재밌게봤음, 엔드게임 이후 최고의 명작 이러고 있는 꼬라지가 ㅋㅋㅋ 그냥 마블은 4페이즈 이후로 끝난거임",2
외계+인 1부,태리 누나보러 한 번 더 갑니다. 그리고 사실 볼거리가 많아서 또 보고싶어짐...(스토리가 1편이라 그런지 다소 번잡하긴 함!),9
외계+인 1부,이계인씨가 더 재미있다. ,1
외계+인 1부,더운여름을 날려보낼수 있는 영화입니다.개인적으로 영화관에서 보는것을 추천드립니다.cg또한 잘되었다고 생각합니다 캐스팅 완벽 감독 완벽 무엇이 더 부족할까요..,10
탑건: 매버릭,코로나 이후 극장에서 본 영화중 제일 재밌게본 영화. 1을 훨씬 뛰어넘음,10
감동주의보,완전내취향 강추합니당,10
미니언즈2,미니언즈 보기전으로 돌아간다면 안볼거같은 영화  친구들이 다 잠 너무 시시해요,2
외계+인 1부,영화보다 중간에 나온적 처음..배우들 시나리오는 보고 출연계약한건가? 평점높은건딱두경우..댓글알바거나 나만당할수없다 ,2
외계+인 1부,오~~~ 느무 재밌어요!!!  중반 이후는 시간 순삭입니다 배우들 연기 압권이고 영상도 고퀄이네요 우리나라 최고 배우들에게 기립박수 2편 기대만땅이에요 ,10
미니언즈2,기대한만큼 정말 재미있었어요!! 밥 너무 기여워요,10
토르: 러브 앤 썬더,토르치고는 지나치게 가벼워서 관람을 방해합니다,1
컴온 컴온,풍경화와 영화 사이,6
외계+인 1부,"누구도 시도하지 못한 장르를 최동훈 감독이 아니면, 이렇게 신명나고 재미있게 만들 수 있었을까 싶습니다. 모든 배우들이 발군의 실력을 보여주는데, 특히 조우진-염정아 배우 조합 정말 올해의 발견입니다! ",10
탑건: 매버릭,"말이 필요없지요, 돈띵크 저스트워치잇!!",9
토르: 러브 앤 썬더,그 장면 무엇때문에 넣었을까,3
외계+인 1부,바베독. 개놈시키ㅋㅋㅋ 빵터짐,10
외계+인 1부,최근영화중 최고입니다. 가지고들어간 커피마실틈이없을정도로 집중 몰입감짱!!!!,10
외계+인 1부,대한민국 cg 기술이 엄청나졌군요.,10
외계+인 1부,일단 도사들 얘기만 진입하면 시간가는 줄 모름. 너무나도 취향!!! ,10
외계+인 1부,와! 잼있다.와! 와!,10
외계+인 1부,나쁘진 않은데관객수가 궁금해진다..,10
외계+인 1부,"한국형 히어로물, 전우치 이후로 매우 반갑다!!! ",10
외계+인 1부,"오랫만에 짜증나는 여름을 시원히 날려줄  영화를 만났다!!!오락성과 재미, 모두 갖춘 영화다!!!모든 세대가 공감 할 수 있는 게 재밌는 영화임.",10
외계+인 1부,너무 재밌네요 2편이 기대됩니다 ,10
외계+인 1부,cg에 놀랐다 정말..,9
스타 이즈 본,마지막 곡은 앨리를 잭이 첨 만났을 때 모습으로 돌려놓기 충분했던 ㅠㅠ 너무 안타까운 사랑. 잭이 앨리를 위해 쓴 노래를 부를 때 진짜 엄청 슬펐음.,10
외계+인 1부,아니 네이버 별5개 알바만수두룩한줄알았더니 어디영화사에서 보낸첩자들이냐대체ㅋㅋ별1개주는애들은 그냥집에서 멜로나조용히때리세요^^솔직히 유치한면도 있긴하지만 즐겁고 스릴있게 봤음 되는거아니냐?개한민국 평가수준하고는ㅉㅉ이정도면 마블시리즈보다 개인적으로나은데?,10
외계+인 1부,김우빈 보고 아이언맨 떠오른 1인,10
외계+인 1부,잼있는데? 영화에 철학 애기하는 건 좀 아니지. 잼있으면 그만이다.  범죄도시처럼,10
외계+인 1부,꽤 볼만 합니다 한국영화에서 이런거 못본듯 쿠키영상 있네요 그냥 끝나도 잠시 앉아계세여,9
토르: 러브 앤 썬더,"욕을 하도 들어서 기대감이 낮아서 그런지, 오히려 가볍게 걍 보기 좋고 재밌던데..",10
외계+인 1부,믿고보는 배우들 연기 너무 실감나요 2부로 이어질 내용이 기대됩니다,10
노브레싱,유리가 연기는… 음 그렇네요 거슬렸습니다,8
탑건: 매버릭,오마이갓 최고,10
외계+인 1부,"한국에서도 드디어 연출, 영상미, 스토리가 절묘하게 어우러진 영화가 나오다. ",10
외계+인 1부,이런걸 영화라고 만드냐 10점 진짜 양심있냐? ,1
외계+인 1부,여름 블록버스터로 충분한 볼거리. 2시간이 아깝지 않음,10
토르: 라그나로크,토르 럽앤썬더 보느니 이거 두 번 본다.,10
외계+인 1부,너무 난잡해요 정신 사나움,1
외계+인 1부,김우빈의.. 이길확률... 대사...매우 오글거리고... 계속 시공간이 뒤바껴서 적응 힘들고... 개그치는것도 그렇게 막 웃기진않고.... 류준열이랑 김태리 연기가 제일 나음...태리보러간 영화... 속편 있는건 알지만 너무 덜닦인 느낌이라..굳이 영화관에서 봐야하나... 딱 불다 하기 좋은 정도..: 중간에 관객 탈출하는 것도 봄,2
외계+인 1부,오랜만에 진짜 재밌는 영화 봤음 ,10
외계+인 1부,넘나 재미있어요! 이거다 진짜!!,10
범죄도시2,그냥 볼만한데 이게 평점이 9점이 넘는다는게 ㅋㅋㅋㅋ,6
외계+인 1부,정체불명의 이상한 영화 ,1
외계+인 1부,"1) 과거와 미래를 흥미롭게 잘 믹스함. 감독의 상상력이 잘 돋보이는 부분2) 과거 파트, 미래 파트 어느 하나 지루한 부분이 없었음3) 시간 구성이 약간 복잡4) 2부작 중 1부에 해당하다 보니까 기본 세계관 설명하느라 이야기 전개가 다소 느림. 138분 짜리 헤어질 결심은 시간 가는 줄 모르고 봤는데 이건 약간 길게 느껴짐(재미없었다는 소리는 절대 아님. 재미있게 잘 좠음)5) CG 정말 좋았음",8
외계+인 1부,"너무 재미있게 봤고, 영상미가 좋았어요~",10
컴온 컴온,7/10 Seven out of ten,7
외계+인 1부,"손익분기점이 높다 보니 다른 영화들보다 유독 댓글 알바들이 많네, 밸런스 유지를 위해 1점 주고 갑니다.",1
명탐정 코난: 할로윈의 신부,진짜 최근 극장판 중에서 제일 재미있었습니다!,10
외계+인 1부,그냥 1부에서는 왜 과거로 갔는지만 보여줬음 더 좋았을텐데 계속 과거-현재 반복해서 보여주고 정신없고 내용에 집중이 안됨,2
탑건: 매버릭,밑에 8점 준 애 영화를 제대로 안본거같음. 처음에 마하 10 찍고 산산조각이 났는데 그걸로 뭘 더 이용하길 바라는지..,10
평양 맨발,국민학교 2학년때 동네 목욕탕 2층에서 100원 내고 봤던...영화   영화끝나고 동네애들이랑 2시간넘게 따라 하면 놀았던 기억이... 그당시 기억으로 평점 10점 넣습니다,10
외계+인 1부,너무나 매력적인 캐릭터들! 시간가는 줄 모르고 봤어요 ,10
외계+인 1부,대놓고 2부 나오는 영화 특엔딩 애매함,7
외계+인 1부,아 여름엔 이런영화 봐줘야댐,10
외계+인 1부,내가 SF를 안좋아해서 그런가. 별루였어요.,2
외계+인 1부,토르 보지말고 이거 보세요,10
외계+인 1부,흠..기대하고갔는데 생각보다 별로였습니다.,1
명탐정 코난: 할로윈의 신부,모든게 갓벽 진짜 꼭 봐야해여ㅜ,10
죽지않는 인간들의 밤, 진짜 웃기네 ㅋㅋ 우울할때 보세요 후회안합니다 ㅋ,8
외계+인 1부,재미있어요~신선한느낌이네요,10
외계+인 1부,아 기대하고 샤롯데예매해서 봤는데ㅋㅋ너무 기대들 하지마세요.,4
외계+인 1부,"탄탄한 연기력, 그렇지 못한 연출. 시도는 좋았으나 유치하다고 느껴지는 부분이 많음. 러닝타임이 길어서 지루한 부분이 존재하지만 한 번쯤 볼 만은 함. ",8
외계+인 1부,뭔가 ㅂ12345ㅅ같음,1
탑건: 매버릭,여러면으로 너무 잘 찍은 영화. ost도 한몫 했다. 1편부터 최고의 시리즈!!,10
외계+인 1부,간만에 나온 꿀잼 볼거리 개많음,10
외계+인 1부,혼란하다~ 혼란해  CG만 훌륭해서 별2개준다. ,4
외계+인 1부,진짜 조잡스럽네요 ㅋㅋ,2
외계+인 1부,이것저것 다 건드려보려하다 이도저도아닌 잡탕밥이 되버린 느낌,4
외계+인 1부,CG면 다 되는 한국영화,2
외계+인 1부,새로운 시도도 좋았고 한국도 이런영화를 만들 수있구나 감동받으며 즐겁게 봤어요.,10
외계+인 1부,"한국영화계에 전에 없었던 할리우드식  히어로 무비, 그러나 그 특유의 단점도 답습",7
외계+인 1부, 한국에서 보기어려운 소재를 재밌있게 풀어갔네요,10
탑건: 매버릭," 먼저 탑건1을 봤을때는 솔직히 큰 재미 없다고 생각했었는데, 완벽한 속편을 보고나니 전편마저 엄청났던 영화였다고 다르게 느껴진다. 탑건 매버릭 속편은 스토리, 연기, 영상미, OST까지 완벽했던 영화. 근래 3년간 봣던 영화 중 단연 최고였던 걸작, 내 인생 영화가 된듯... 탐크루즈 형님 멋진 작품 선사해주셔서 감사합니다...♡ ",10
탑건: 매버릭,8/10 Eight out of ten,8
외계+인 1부,"진짜 재밌게 봤습니다 중간 중간 유머들도 재밌어서 개인적으로는 진짜 취향저격! 너무 웃었어요 김우빈씨, 류준열씨 너무 멋있어요 김태리씨 예쁘고.. 염정아님도 너무 재밌고ㅠㅠ ",10
외계+인 1부,"조조로 봤다 호불호 심할꺼다.류준열 분량이 제일 많으니 안티팬들 보지말고 ㅋㅋ류준열은 까도 영화는 까지말어라 그리고 보고 평해라 보지도 않고 별1개 박냐? ㅋㅋ와~~~진짜 재밌다는 아니지만 볼만은 했다 정도다.2부는 개봉하면 보겠지만 23년 언제 개봉이지?기다려지지 않는다. 우왕 좌왕 , 가드 썬더, 흑설 청운 감초들이 나오네요.어린 이안이는 진짜 말 더럽게 안듣네 증말~~~사춘기라 그런가~암튼 한산할 영화 한산은 거르고 8월 비상선언,헌트 갑시다. ",7
미니언즈2,진짜 완전 재밌어요!!!!어린이 &amp; 어른 모두 웃으며 볼 수 있는 영화!!!!미니언즈 너무 귀엽습니다??,10
외계+인 1부,다른 블록버스터급 영화들과 자연스레 비교되는 스토리와 CG 차라리 과거 파트만 영화로 내줬으면 괜찮았을걸제발 해외 수출만은 하지 말아줬으면 하고 생각들엇습니다,3
외계+인 1부,시간 순삭이었다 cg가 한국 영화 같지않게 완벽했던것같다,10
외계+인 1부,시간 때우기에 그냥저냥. 듄 같은거 보다가 이거 보면 확실히 갈길이 멀다는걸 느낌. 그리고 영화계는 김태리 류준열만 있냐. 식상하다. 딴 애들 좀 써라.,5
뒤틀린 집,최악 최악 최악 최악 최악,1
버즈 라이트이어,6/10 Six out of ten,6
탑건: 매버릭,할리우드 그 자체의 영화,9
외계+인 1부,개인적으로 재밌게 봤습니다.,10
외계+인 1부,초반30분 지루하고 끝은 허무하고..전우치가 훨씬 재밌다,2
외계+인 1부,"와이프는 재미있었다고 하는데 저는 기대 이하였어요.중간중간 웃음포인트, 배우들 연기가 좋았어요.스토리는 호불호가 있을듯 합니다.CG는 꽤 좋았다고 생각되요.좀 유치한 장면들이 있어서..ㅎㄷㄷ",6
외계+인 1부,왜 어벤져스를 토르가 아닌 여기서 보냐.. 진짜 대박이었음,10
다크 나이트,마블을 압도하는 유일의 dc히어로물,10
외계+인 1부,아무것도 안 하고 울기나 하면서 관객들더러 봐 달라고 애원하는 백두산 같은 영화들보단 훨씬 낫다.,7
외계+인 1부,"영상미는 멋진데 스토리가 지루해서 졸렸음 긴장감 1도없는데 굳이 1, 2부를 왜 나눈거야?",6
미니언즈2,밥 귀여워,10
탑건: 매버릭,지금까지 이런 영화는 없었고 다시는 없을것이다,10
외계+인 1부,아 정말 처음 댓글 답니다. 너무 지루해요. 정말 로봇싸움씬 몇개 말고는 대체... 1부는 뭔가 매듭 하나도 없이 드라마 3회정도 끝난 느낌.. 그냥 호구잡힌 느낌입니다.,2
외계+인 1부,"조조로 봤어요 스토리는  뻔했지만 cg,액션 괜찮았어요 2부기다려져요ㅎ",8
애프터 양,6/10 Six out of ten ,6
탑건: 매버릭,타이타닉 이후 명작 연기하는 느낌이아니라 그냥 탑건의 매버릭 그 자체 현타오는 우리나라 영화산업과 지긋지긋한 cg로 범벅된 영웅 애니메이션과는 다른 그 시대의 낭만과 현재가 공존하는 영화 어쩌면 늙은 톰크루즈를보며 같이 늙어가는 느낌을 받으며 눈시울이 붉어지는 영화. 생각하지말고 보세요 ,10
샤이닝,누가 만드냐에 따라 양념이 달라지네,6
헤어질 결심,고차원적인 감정선과 연출력,8
미니언즈2,예상한 맛이지만 맛있다,10
외계+인 1부,와! 대박. 또 보러 가야겠다. ,10
토르: 러브 앤 썬더,7/10 Seven out of ten,7
외계+인 1부,너무재미있고한국 영화의 발전에 감동했습니다,10
외계+인 1부,굳은 머리로 신박하게 만든다고 오바 떨면 벌어지는 일,1
내일의 기억,처음에 그저그런 스토리의 삼류영화라고 생각했던 나를 용서해주세요 ㅋ이영화는 마지막 20분을 위한 영화예요반전과 사랑 눈물이 가득합니다,10
외계+인 1부,조조로 잼나게 보고옴 추천함,10
탑건: 매버릭,실제보다 뛰어난 cg는 없다는 것을 보여주는 영화.우리가 영화관을 놓지 못하는 이유는 이러한 영화들이 계속 나오기 때문이다,9
외계+인 1부,호불호가 심한이유를 알거 같습니다.,8
외계+인 1부,초반에 늘어지다 후반에 몰아치는 딱 최동훈식 스타일 영화,6
외계+인 1부,ㅠㅠ 지루해서 잘뻔했어요,2
외계+인 1부,ㅠㅠ 지루해서 잘뻔했어요,2
외계+인 1부,"용아맥에서 보고 나오는 길이에요. 진짜 CG와 액션 압도적… 무조건 큰 상영관에서 보세요. 캐릭터도 다 살아있고, 뭐 하나 빠지는게 없네요~ 왜 보지도 않고 까내리는지 모르겠어요. 다뉴세문경이 압권이었어요!!! 샀어야지.. ",10
외계+인 1부,차라리 미니언즈2를 볼 걸 ㅅㅂ...,1
외계+인 1부,너무재밌어요아마그냥 재밌다,10
로스트 도터,올리비아 콜먼 연기보는거에 만족합니다.연출력은 정말 실망스럽네요.,6
외계+인 1부,이게 어떻게 재미없을 수가 있냐 진짜 개개개개꿀잼또 봐야징,10
그레이 맨,액션영화 중에서도 연출수준이 높고 구성이 탄탄한 편이네요. 감각적인 영상이 돋보이고 지루할 틈 없이 스피디하게 전개되는것도 만족스러워서 두번 관람했습니다.벨기에 독일 체코 아제르바이잔 할거없이 여러 도시들에서 촬영해서 유럽여행 갔다온 기분도 들어요 ㅎ,10
외계+인 1부,김태리 얼굴 제일 재밌다,10
티켓,86년도 영화인데 지금 다시 봐도 감명깊네..,9
외계+인 1부,기본적으로 볼만하다. 망작까지는 아니다.그러나 너무 실험적이라고나 할까. 어느정도는 타협하며 전개를 깔끔하게 했어야 하지 않을까. 다소 전개가 정신없다. 액션은 볼만하다. 내년 2편은 그냥 봐야지 이정도. ,7
토요일 밤의 열기,"중반부 존 트라볼타의 솔로 댄스 장면은 영화 역사상 기록에 남을만한 환상적인 춤과 무대이고, 인상적인 OST 만큼이나 당시 청년들의 암울하고 어두운 이야기를 넣은 것은 의미가 있다.",7
외계+인 1부,러닝타임 길어서 좀 지루하고 과거현재 왔다갔다해서 산만한데 그래도 볼만하네요 ㅋㅋㅋ 아 개꿀잼이다 이정도까진 아닌데 내년에 2 나오면 보고싶다는 생각은 듭니다,8
외계+인 1부,영상미에 감동~연기에 감동~이건 꼭 봐야 함~,10
외계+인 1부,신난다. 기발하다. 류준열은 위한 영화.,10
외계+인 1부,우리나라 영화가 많이 변한 걸 느끼게되네요,10
탑건: 매버릭,한번 더봐야겠다ㅎㅎㅎㅎ,10
외계+인 1부,이 영화가 지루하고 재미없다고 하는 사람 특 = 세상에 부정적임ㅋ,10
외계+인 1부,우리나라 CG의 위대함~^^ 배우들도 굿,10
탑건: 매버릭,십점 만점에 십점!,10
외계+인 1부,CG 이질감 하나없이 영화 끝날 때까지 시간 가는줄 모르고 완전 집중하면서 봤어요!! 진짜 재밌어요 ㅜㅜ 2부도 얼른 보고싶어요.. 배우분들 연기도 짱이에요.. 또볼거에요..,10
짱구는 못말려 극장판 : 태풍을 부르는 황금 스파이 대작전,어후 짱구새기 초반부에 너무 빡치게 굴어서 보다가 열받을뻔,6
외계+인 1부,스토리 중구난방노잼,1
외계+인 1부,스토리 중구난방노잼,1
조 블랙의 사랑,러닝타임이 꽤나 긴데도 몰입하면서 봤네요. 이 영화를 왜 이제야 봤는지... ㅠ,9
외계+인 1부,첨엔  이래서 불친절하댔나 싶다가 후반부 몰입감이 좋구 2부는 훨씬 기대됨 ,10
탑건: 매버릭,진짜 너무너무 재밌어요 ㅎㅎㅎ,10
외계+인 1부,진짜 좋은배우 대리고 이렇게 잡탕같은 영화를 만든게 너무 놀랍다 ㅋㅋㅋ 예고편보고 너무 기대한게 이렇게 큰실망으로 오네... 뭐 취향에따라 심형래감독에 우뢰매? 이런거 좋아하는 사람들은 딱일듯  (이렇게 난잡한 영화속에서 류준열 연기잘하는거보소..),2
외계+인 1부,와 우리나라 cg 많이 늘었네요 ,10
외계+인 1부,2부를 위한 빌드업!! 연기는 다들 믿고 봐요~~,10
외계+인 1부,진짜 영화보다가 잠자기도 첨이넼ㅋㅋ 마지막에 2탄 개봉한다는거 보고 기겁을했다 최악이네 번쩍번쩍거리면 영화임? 먼내용이 어후 환불안되냐..,1
외계+인 1부,대한민국 영화 그래픽수준 마블뺨친다 이제,10
미니언즈2,미니언즈 정말 기대 많이 했는데 기대만큼 재미있었어요 ㅎㅎ 계속 웃으면서 봤습니당 ㅎㅎ,10
헤어질 결심,사랑을 받아들이는 두 가지 방법,10
외계+인 1부,"아쉬운 상상력, 그러나 예전과 달리 가능성은 보인다",5
헤어질 결심,습하다,7
미니언즈2,슈퍼배드를 처음 봤던 때의 참신함은 더 이상 없는듯...,4
외계+인 1부,진짜 엄청 재밌는데?!,10
외계+인 1부,스토리가 너무 난잡해요 ,1
멘,명확한 메시지에 과도한 미장센이 추가되어 모호해지다.,6
탑건: 매버릭,엄청 높은 평점과는 다르게 영화자체는 그냥 8.5정도의 수작 수준이였던것 같음.각각의 인물묘사와 캐릭터성이 좀 더 깊었으면 좋겠지만 2시간내에 다 표현하기는 쉽지 않았을지도그리고 첨에 나온 스텔스기?를 이용한 무언가 작전이 있지 않을까 했는데 그냥 마하10 찍었다는 정도로 끝나는 것과 4d로 봤는데 뭔가 영화와 딱딱 맞아 떨어진다는 느낌이 덜한 의자 움직임도 좀 아쉬움. 기체가 왼쪽으로 기울면 왼쪽으로 기울고 오른쪽이면 오른쪽으로 기울게 좀 확실했으면. 그리고 미션이 하나라서 작전 하나를 더 세밀히 표현 할 수 있는 부분도 있었겠지만 뭔가 최종 미션 하나가 더 있을 줄 알았음. 아쉬운 점만 썼지만 그래도 상업적 헐리웃 영화들보단 뭔가 탑건만의 분위기 있고 좋음. 어차피 4d상영도 끝났지만 개인적으론 꼭 4d를 볼 필요는 없다고 생각하고 아이맥스같은것도 괜찮을 것 같음.,8
탑건: 매버릭,"배경은 해군이지만, 탑건을 보고 공군에 입대한 미국인들이 늘었다는데 이유를 알 것 같네요. 톰 크루즈의 자연스러운 연기와, 화려한 전투기의 액션. 완급조절을 한 연출까지 완벽해서 무엇하나 빼놓을 수가 없네요. 영화관에서 꼭 보시길 추천해요. 진정으로 뽕찬다는 말이 무슨 말인지 알겠네요.",10
탑건: 매버릭,의리~~~의리한 영화였습니다.남자들의 뜨거운 우정과 의리가 빛나는 영화였습니다.,10
외계+인 1부,시간순삭... 재밌다. 2부 어떻게 기다림?,10
탑건: 매버릭,올해 본 영화들 중에서 가장 꿀잼인 영화,10
외계+인 1부,극장에서 볼 맛 나는 영화ㅋㅋ,10
외계+인 1부,2부가 기대되네요!재밌었어요^^  CG대박!,8
미니언즈2,너무 재밌고 귀여워요ㅠㅠ,10
외계+인 1부,김우빈 진짜 멋잇어ㅠㅠㅠ 류준열도 김태리로 짱짱,10
외계+인 1부,최동훈 감독이 만든게 맞나싶을정도로잡탕찌개 같은 영화..극불호,1
외계+인 1부,감독님 그냥 애니메이션으로 가시죠? 제작비가 너무 아까운데요? 그저 화려한 배우들만 떡칠할거면,4
외계+인 1부,금방 보고왔는데 나름 재밌어요,10
핸썸,신현준씨가 자학개그를 불사하는데 영화가 망가져있어 전혀 인상적이지 않고불쾌감만 가중시킨다.,2
탑건: 매버릭,태어나서 같은영화 영화관에서 3번 보기는 처음이다 4d 1번 일반 2번 봄 인생영화 ,10
외계+인 1부,김우빈 하나에 돈이 아깝지않음,10
미니언즈2,미니언즈들이 ㅋ장 귀여워요,10
토르: 러브 앤 썬더,탑건 두번보세요,6
외계+인 1부,대략난감하다. 배영디자인을 고려인지 짱깨국인지 헷갈리고 울트라맨으로 달리가 강시선생 주성치버전으로 마무리..중학생들은 좋아 하겄다. 이걸 시리즈로 기획 했다는게 더 놀라움.,1
외계+인 1부,시간가는줄모르고봤어요 ㅋㅋ 2편 기대됩니다,10
외계+인 1부,아 탑건안봤는데...이걸보네,2
미니언즈2,역시  실망시키지  않아주는  미니언즈  귀엽고  츤데레 ㅎㅎ,9
외계+인 1부,"액션과 cg는 한국영화 중에 최고지만 그뿐입니다,,",6
외계+인 1부,"감독님 혹시 영화 생태계 파괴하러 돌아오셨나요? 신작 7년 기다렸는데 왜 김우빈 건강해질 때까지 기다렸는지 백번 이해됨ㅜㅜ 캐스팅 짱짱한 거야 말할 필요도 없고 스토리도 미쳤음,, 캐릭터 매력도 넘치고 최동훈 감독 액션에 유머 포인트도 취향 제대로 맞아버렸다… 너무 재밌음 최고! 시간이 어떻게 가는 줄 모르고 몰입해서 봤네요!",10
토르: 러브 앤 썬더,영화가 좀 산만하고 개그 센스가 잘 안 맞네요.,6
외계+인 1부,스토리도 신선하고 흐름이 빨라서 재밌게 봣음^^ 2부가 기대가 됨.,8
헤어질 결심,후반부가 조금 지루했네요영화 해석을 보면 조금 다르게 보이는 영화!저는 서래가 형사를 이용했다고만 생각했지 진심으로 좋아한다곤 못느꼈는데 진짜로 좋아했던거네요.,8
외계+인 1부,탑건 아이맥스 돌려주세요,1
범죄도시2,이게 영화지..!!빈틈이 없구만ㅋㅋㅋ 천만 영화 인정,10
외계+인 1부,????.?.?.?,2
외계+인 1부,최고예요 대박최동훈감독만이 할수 있는 한국판 sf 영화  두시간 시간 순삭스토리 탄탄하고 2부가 기대되네요대단합니다  우리 영화 꼭 봐야합니다,10
외계+인 1부,아니 이런 배우들을 가지고 왜?내가 아직 삶을 이해하기 부족한 건가,2
외계+인 1부,그냥 대박 대박 대박 대박,10
미니언즈2,너무 귀여워서 죽을 뻔 함....넘~~~ 귀엽..~~,10
토르: 러브 앤 썬더,"마블스토리가 진행되면서 높아지는 기대감은 어쩔 수 없지만 그래도 조금 아쉬운토르,,,, 그래도 츤데레도끼는 좋았다",7
탑건: 매버릭,"탑건1은 줄거리를 보고 영화를 보러 갔는데, 스토리, 연기 모두 좋았어요. 4d로 다시 보고 싶을정도로 ~",10
외계+인 1부, cg도 어색하지 않았고  스토리도 나름 좋고 조우진 염정아 콤비의 모습도 괜찮았습니다 김태리만 보고 갈라고했는데 생각보다 더 괜찮았습니다,10
탑건: 매버릭,간만에 정말 재미있개 보았습니다. ,10
외계+인 1부,스토리도 좋고 웃음코드도 있어서 너무 재밌었어요,10
강릉,내용이 기승전결이 없음 ,4
외계+인 1부,심심할때 보기 나쁘지 않았어요Cg도 어색하지 않았구요김태리 김우빈 연기 좋았고조금 유치하지만 스토리도 괜찮았어요전우치랑 소림축구 재질,8
외계+인 1부,대박 재미 있네요.예술적인 CG 기술 ㅎㅎ ,10
헤어질 결심,완벽한 영화 탕웨이 굿굿,10
외계+인 1부,"cg 자체의 이질감은 없습니다. 다만, 영화 자체의 조잡함이 보이고, 현대 시점의 장면이 유치합니다.",6
외계+인 1부,이렇게 끊는게 어딨습니까?!시간의 문을 열어서 내년으로 보내줬으면 합니다2부 너무 궁금하네요ㅠ,10
탑건: 매버릭,매버릭… ♡루스터… ♡제발 보세염 제발 보세염 제발 보세염 제발 보세염 제발 보세염 제발 보세염 제발 보세염 제발 보세염 제발 보세염 제발 보세염 제발 보세염 제발 보세염 제발 보세염 제발 보세염 제발 보세염 제발 보세염 제발 보세염 제발 보세염 제발 보세염 제발 보세염,10
외계+인 1부,오글거리는 중국 무협 영화다… 이도 저도 아닌 어중이 떠중이 같은 ㅋ,1
헤어질 결심,가슴이 먹먹해지는..,10
외계+인 1부,스토리 중구난방이고 개그요소 하나도 없고 포인트가 뭔지 모르겠음. 액션요소가 화려한데 잠오는 건 첨이네.,4
토르: 러브 앤 썬더,잘린 부분이 많아 아쉬웠지만 전반적으로 좋았음.,9
외계+인 1부,2부도 기대됩니다,10
외계+인 1부,지루한 면도 있지만 중간중간 재밌는 장면도 많음! 뭔내용인지 모르겠다가도 후반쯤 보면 이해가고... 근데 가장 큰 단점은 발음이 살짝 뭉개져 대사가 잘 안들렸어요ㅠ 내 귀가 이상한건가,8
외계+인 1부,거대한 SF 대하드라마의 첫 편을 본 느낌... 대박이다 이거ㄷㄷ,10
외계+인 1부,아쉽다...이배우들로...,3
외계+인 1부,배우들 연기는 말할 것도 없고 빨리 2부가 나왔으면 좋겠다,10
탑건: 매버릭,이 영화를 능가하는 비행 액션 영화는 역사상 다시는 없을 것/ 후기 톰크루즈의 최대 인생작임 /Cg에 파묻힌 헐리우드에 가하는 일침.앞으로 리얼리티 액션이 주 트렌트화 될 듯/ 제작년도가 차이가 많이 나서 실제 톰형이 더 늙어보인다/ 알려줘 구스에 대한 대답을 대답해주는 사람이 있음./ 대사 하나 하나 잘 생각해보며 들을 것./ 클리셰로 떡칠되어 있지만.모든걸 묻어버릴 만큼의 연출과 재미./ 좋은 영화는 아니지만  최고의 영화임./ 감동과 슬픔과 환호와 연민과 사랑을 전부 다 녹여냈다./ 3편은 만들지 말자. ,10
외계+인 1부,"솔직히 CG 지렸음. 볼거리는 풍부, 다만, 스토리 구조가 불친절. 그래도 영화 중반 이후 세계관이 이해되나, 스토리간 연결성이 다소 떨어짐.그래도 한국 영화가 마블 수준으로 성장한 느낌!!이제 콘텐츠만 받쳐 주면 모든 만들수 있다.  ",10
외계+인 1부,2부가 기대됩니다!!,10
외계+인 1부,범죄도시ㅡ이후 ㅡㅡ 왜 이러니 ㅡㅡ 토르 ㅡㅡ 헤어질 ㅡㅡㅡ 내 눈,2
외계+인 1부,내가 지금 뭘 봤던거지.... 감독 세계관 무엇 4dx로 봐도 재미없어요ㅜ,2
탑건: 매버릭,포디로 보면 재밌다 ㅊㅊ,10
외계+인 1부,"우리나라에서 이렇게 화려한 영상을 볼 수 있다니 놀라울 뿐입니다. 새로운 시도의 영화에요. 다양한 배경의 스토리를 병렬적으로 보여주고 있어 처음에는 헷갈릴 수 있지만 긴 호흡의 영화이기 때문에 편한 마음으로 보다보면 후반부에서 이야기들이 연결됩니다~ 장면장면 가볍게 즐기면 되요~! 화려한 영상과 액션, 스케일이 놀라운 영화입니다! ",10
외계+인 1부,9점주고팟는데 낮은점수때매 만점줍니다 우리나라영화 많이발전했네요,10
외계+인 1부,1점이 아닌 11점을 드리겠습니다. 클레멘타인 이후 최고의 영화입니다,1
미니언즈2,스토리가 크게 눈에 들어오지 않는다. 그루와 미니언들이 너무 너무 귀엽다.,7
헤어질 결심,사랑이라는 정의에 대한 고찰 ..박찬욱 감독의 영화는 처음이지만 아주 맵지는 않지만그렇다고 해서 사소하지 않은 영화 였습니다. ,10
외계+인 1부,"최근 마블영화보단 100배 재밌네요. 스토리도 흥미진진하지만 한국영화에선 볼 수 없던 엄청난 스케일과 신선한 시도들이 좋았어요. 아주 가끔 몰입이 안되는 연기들이 있어서, 10점만점에서 1점 깎았어요. 그 외에는 다 좋았어요. 전우치 대사 패러디한것도 웃겼어요 ㅎㅎ",9
탑건: 매버릭,디즈니 프랜차이즈 기획자 &amp;lt; 탐크루즈 ,10
외계+인 1부,내가 바로 전우치다. 미리 줄거리 보고 가야 영화 관람 이해가 빠릅니다,8
외계+인 1부,전우치 하위호환과 인랑이 만난 영화,4
외계+인 1부,뭐죠..뭘 만든거죠..?,2
외계+인 1부,뭔지는 잘모르겠는데 재미는 쫌 있고  특수효과가 마이 발전했다 싶고스토리는 생각이 안나네  ,8
체인 리액션,"참신한 아이디어와 훌륭한 폭발장면, 액션과 스릴러를 적절히 조화햇다, 키아누 리브스, 모건 프리먼, 레이첼 와이즈 연기도 좋앗다. 지금 블루레이로 다시 보고 잇는데, 재미잇다. 그이상을 무얼 더 바라나?",8
외계+인 1부,짱이었음 환상의 나라,10
큐어,옛날에 느꼈던 감정들을 생생하게 똑같이 느낄수 있었다.,10
미니언즈2,언제든 어디든 등장만으로 귀여운 꼬마 친구들~~~~,10
외계+인 1부,이게 대체 뭐냐....,1
외계+인 1부,처음에는 이거 맞나 싶고 큰일났다 싶다가 점점 좋아짐.,7
미니언즈2,귀요미들 때문에 간만에 즐거웠다굿즈 사고파~,9
외계+인 1부,너무 재미있어요!!!,10
외계+인 1부,Cg가 정말 멋있었습니다. ,10
탑건: 매버릭,처음으로 별점줘요 진짜 손 꼭 쥐고 흥미진진하게 봤어요 이런게 잘 만들어진 영화구나.... 깨닫고 갑니다.,10
토르: 러브 앤 썬더,나는 즐겁게 봤는데 그렇게 말하면 욕먹음 ㅠㅠ,9
외계+인 1부,재미있어요 방금보고왔어요,10
기생충,masterpiece,10
탑건: 매버릭,그냥 손붙잡고 땀나면서 봄.. 최고야,10
외계+인 1부,감독의 전작 전우치가 훨씬 잼잇습니다 제목부터 잘못 지은듯,6
미니언즈2,꿀노잼 귀여워서 계속 웃음,6
범죄도시2,1편보다 나은 2편없다,4
외계+인 1부,본인 돈은 잘 챙깁시다. 다시 생각해 볼 시간은 많습니다.,2
외계+인 1부,"연기도 스토리도 CG도 모두 입막고 봤습니다.. 스케일에 압도당하는 영화..! 이게 한국 sf라니..액션, 외계인, 고려, 현재 모두 거를 타선이 없습니다 올해 극장에서 본 영화중에 제일 재밌었어요 얼른 2부 보고싶다!",10
외계+인 1부,너무 재밌어요 진짜 캐릭터 들이 다다 매력 있어요,10
외계+인 1부,"댓글 알바들아, 다른건 몰라도 평론가 욕은 하지마라. 별점 테러하는 애들은 욕하는거 인정해도 가장 객관적으로 평가 내리는 평론가들 믿지말라고 댓글 달면 진짜 반감 생기고 오히려 더 안 보고 싶어진다",1
미니언즈2,개꿀잼 나도 미니언즈 되고 싶다,10
탑건: 매버릭,저희 아버지 평생 영화 재밌다고 한적 없는데 아버지가 2번이나 보러 가자고 하셨음,10
외계+인 1부,한번에 너무 많은 걸 다루려하면 망한다. 비추천.,6
외계+인 1부,제발.... 아니 뭔스포 한마디 없이 그냥한달안에 OTT올라온다 이거,1
외계+인 1부,거의 비슷한 수준의 예매율로 함께 개봉한 미니언즈2 와 여기 외계인 평점 숫자가 왜 이렇게 차이가 날까요? 세배가 넘는 수준으로 거의 좋아요.가 달리고 있습니다. 조작의심이 듭니다. 미니언즈2 가보세요..,2
미니언즈2,꽤 재밌었고 무엇보다 미니언들이 너무 귀여웠던 게 한 몫 했다. 그런데 뭔가 약간 애매한? 부족한? 느낌도 있고 러닝타임도 짧았다.,8
외계+인 1부,작품의 흐름이 ....아쉽네요.,4
토르: 러브 앤 썬더,라그나로크를 보고 기대했던 내가 잘못이다. 하긴.. 토르 시리즈 4개 중 3개가 재미가 없다.. 개연성 없는 스토리가 마이너스 요소다.. 마블은 어디로 가는가? 간만에 나탈리 포트만 보는거 말고는 추천할 요소가 없는 영화다.. 마블빠인 나에게도.. ,7
탑건: 매버릭,진짜 너무 너무 재밌어요..,10
외계+인 1부,연출 미친거 가틈ㅋㅋㅋㅋ 역시 최동훈인가,10
외계+인 1부,이도저도 아닌 느낌. 스토리도 중구난방.,2
외계+인 1부,오락영화 치고 집중력을 필요로하지만 재밌음,10
외계+인 1부,아이언맨 블랙위도우 에반게리온,6
외계+인 1부,궁금했던 영화라 조조로 바로 보고 왔는데 꿀잼입니다ㅠㅠㅠ 연기들을 너무 잘해요ㄷㄷㄷ,10
마녀(魔女) Part2. The Other One,이거 박훈정 감독작 맞냐?남자 수십명이 1층지붕서 여자 뛰어내리는데 다들 허리숙여 눈 질끈 감아?어이없네  이 감독이 찍은거 맞으면 머가리 총맞은 듯 ,1
외계+인 1부,2편이 너무 기다려져용!!!굿굿많은 사람들이 봤으면 좋겠어요,10
외계+인 1부,2편이 너무 기다려져용!!!굿굿많은 사람들이 봤으면 좋겠어요,10
외계+인 1부,완전 재밌어요 연기 미쳤고 빨리 2부가 나왔으면 좋겠네요 ㅠㅠ,10
외계+인 1부,진심 보라고 만든거 맞냐? 유치해서 애들은 미니언즈 보겠다,1
외계+인 1부,캐릭터가 살아 있고  존잼 내년 존버,10
헤어질 결심,"전문가 평점이 매우 높은 편이라, 이 영화가 어떨까 궁금했고, 보고 싶었다.이해하기 힘든 국어문제의 지문을 읽은 것 같다.남주의 연기는 인상적이었다",6
탑건: 매버릭,"뻔한 미국식 영웅주의, 예측 가능한 결말이지만.. 영상은 압권이다. 이런 영화가 극장이 필요한 이유다. 3, 4번씩 보고 싶은 명작!! 톰 크루즈는 왜 그 나이에도 멋있는 걸까?",10
미니언즈2,"솔찍이 돈 아깝다는 생각이 듦. 캐릭터 모양 빼고, 줄거리가 재미도 없음. 코믹 요소 없음. 내용도 다른 미국 애니들이랑 특별히 다른 것 없어 질림. 이것도 다른 미국 애니처럼, 중국 관객용 중국 문화 일색(미국정치는 반중국이면서)이라서 화가남",1
외계+인 1부,정말 부끄럽다 한국영화..,1
외계+인 1부,짱짱재밌음재밌어요짱,10
외계+인 1부,우리나라도 마블 가능하겠는데? cg 기술에 놀랐습니다,10
고지전,한국영화중 최고의 전쟁영화,10
파리 에듀케이션,"영화와 현실에 대한 관계, 영화를 통한 자아의 성장 등 영화라는 소재에 대해 여러 가지 이야기를 전달한다. 각각의 이야기는 괜찮은데, 142분이라는 러닝 타임은 다소 지겹고 버겁기도 하다.",6
외계+인 1부,되게 괜찮았습니다. 궁금증이 많지만 2부가 기다려지는 내용이네요,10
미니언즈2,충성심으로 똘똘뭉친 미니언즈 넘 귀여워~~,10
외계+인 1부,"SF 영화가 스케일이 큰 게 뭐가 잘못이고 이해 안가고 사람들 코고는 소리들이... 라고 합니까;; 스케일도 크고, 코믹하면서 충분히 재미있습니다 다만 이게 1부 라는 걸 인지하면서 보셔야지 2부도 기다려집니다배우들 연기들 돋보이고 스토리도 영화 중반에서 후반부에 아~~ 이래서 이랬구나 하면서 볼 수 있는데 ... 이 영화에서 어떻게 잡니까 ㅋㅋㅋ  경쟁사들 알바입니까? 뭘 애초에 그냥 평점 1 주고 점수 내리려는 사람들 아닙니까?ㅋㅋㅋㅋ",10
탑건: 매버릭,5번 보고싶은 영화,10
탑건: 매버릭,톰형 최고의 영화 감동 4dx 못본게 한이다 ㅠㅠ,10
외계+인 1부,난 재밌던데 2편이 기다려짐,10
외계+인 1부,재미없다해서 그냥 액션이나 보자하고 왔는데....와..사건플롯 촘촘하고 캐릭터 매력있고...액션도 긴장감 넘치고..  극장에서 본 나 자신을 칭찬해♡,10
외계+인 1부,"방금 보고 나왔는데 넘나 잼있게보고나왔어요. 류준열, 김태리, 김우빈님 어쩜 다 멋있고 아역들도 귀엽고 신선들 연기도 꿀잼입니다. 완전 대흥행할듯요! 강추입니다.  울애들도 꼭 극장에서 보여주려구요. 대박나세요! 2부 매우 기다립니다.",10
외계+인 1부,1부가 2부로 가는 징검다리 역할을 한 것에 그친 것이 아쉽다. 수많은 캐릭터와 각종 설정을 설명하는 데 분량 대부분을 할애하고 정작 캐릭터들 간의 연관성이 밝혀지는 부분은 후반부 일부에 그쳤다는 것.,8
범죄도시2,작품성은 높지 않지만 재미는 있다. 다만 폭력성 수위가 엄청 높아서 아이들 관람에는 주의가 필요하다. ,2
마녀(魔女) Part2. The Other One,수준이하의 CG. 그녀들의 연기력 ㅠ자동차씬은 그냥 빨리감기 수준이고너무 기대를 했는지 심각하게 실망했어요예산이 많이 부족했나요?1편은 너무 재밌게 봤는데....,2
외계+인 1부,그래서 2부 언제오나요?? 2부 가즈아!!!,10
토르: 러브 앤 썬더,마블은 죽었다 그저 디즈니 플러스 단편적으로 나오는 퀄리티 낮은 영화 수준,2
외계+인 1부,엄정화 조우진 코믹씬때문에 별점 2개라도 줍니다.,4
탑건: 매버릭,영화관에서 2회 관람한 내인생 유일한 영화 탑권 매버릭!,10
외계+인 1부,언제까지 탑건만 보게할거야,1
외계+인 1부,처음엔 굉장히 산만하고 이해가안되는데 마지막에 모든게 짜맞춰지니 깊게 생각없이봐도됨 액션씬들 많고 공들인게티남,8
외계+인 1부,"7월20일 개봉일날 9시10분영화봤음.평점 살면서 정말로 처음 남기는데영화평론가는 아니지만 그냥 오늘 느낀대로남기자면 개인적으로 한국에서 아주 오랫동안 기억될 영화인거 같아요...신박하고,스토리,재미,액션,배우들연기,약간의감동까지 정말 좋았어요~!재미없다고하신분은 이해가안가요..빨리 2편보고 싶어서 벌써 현기증납니다...정말재밌게 잘 봤습니다.외계+인 1500만 이상 가즈아~!!",10
미니언즈2,이건 진짜 두번세번 봐야지 집에 오면서 계속 성대모사 함 ㅋㅋ,10
미니언즈2,이게 외계인이지 ㅋㅋ!!,10
외계+인 1부,간만에 완뎐 산나게 영화봤네요. 2부 어여내놔주세욧~!!!!,10
토르: 러브 앤 썬더,이거 재미없다고 한 사람 다 바보,10
외계+인 1부,중국 옛날 무술 액션영화보는줄,2
외계+인 1부,난 재밌었는데?? ㅋㅋ취향 차이인가?,10
미니언즈2,귀여운맛에 재밌게봤습니다,9
외계+인 1부,성냥팔이 소녀는 재평가 되야한다! 중국산 무협을 하고 싶었던건가?,3
헤어질 결심,"네이버 영화평 처음 써봄,,꼭 보세요 정말 꼭 보세요.연출 연기 스토리 ost 모두다 좋아요.",10
헤어질 결심,보고나서 계속 생각나는 영화. 박해일 연기가 참 좋았어요.,8
외계+인 1부,맛없을 줄 알았던 비빔밥,10
외계+인 1부,무슨 영화를 봐도 재밌는 사람은 이 영화도 재밌을 겁니다,1
토르: 러브 앤 썬더,그냥 재미가없음 건진건 ost하나임 왜 개봉함?,2
헤어질 결심,"섬세한 연출, 박해일의 감정연기",10
외계+인 1부,최동훈이라는 기대치를 빼면 충분히 훌륭한 영화,10
외계+인 1부,예고편으로만 보면 망할 영화처럼 보이지만감독 믿고 보면 후회 절대로 안함,10
외계+인 1부,"최동훈감독님의 특유의 유쾌함 코믹함 그리고 기발함까지 그리고 말투도 감독님의 색이 묻어 있는  작품이였네요.  1,2부 나눈지 몰랐는데 2부 기대 됩니다~갠적으로는 토르보고난 뒤라 훨씬 잼났는데 호불호는 분명 있을듯.. ",10
외계+인 1부,기대감이 너무 컸나봐요.2부가 있다고 미리 알았지만 1부가  끝났을 때 진짜 뭐지 싶었어요.그럼에도 2부가 기대됩니다.2부까지봐야 평가가 가능할거 같아요.,6
외계+인 1부,오랜만에 예매해서 봤는데 저는 극호 입니다 ㅎ,10
외계+인 1부,유치하고 잠오는 영화…,1
외계+인 1부,"성냥팔이 소녀의 재림, 7광구, 리얼에 뒤를 잇는 극악무도한 액션판타지..인지뭔지... 보고나면 화가난다. 내가 뭘 잘못해서 이걸 2시간동안 봤는지...",1
더 킬러: 죽어도 되는 아이,존나 재미없음 퍙점 알바들 양심을 갖길 ..,2
마녀(魔女) Part2. The Other One,아 CG가 무슨... 이게 재미있다고?,4
외계+인 1부,2편을 만든다고????,1
외계+인 1부,전우치+아이언맨 느낌! 배우들 연기덕분에 잘 본 느낌! ,8
명탐정 코난: 할로윈의 신부,경찰학교 동기들 나왔을 때 얼마나 감동인지 후 다시 봐야겠음,10
탑건: 매버릭,"올해의 영화..인생영화,.,",10
뒤틀린 집,역시 서영희 배우는 호러나 스릴러에 잘 어울린다. 추격자때의 피식자 눈빛이 아니라 이런 포식자 같은 눈빛도 잘 어울린다.,10
외계+인 1부,우리나라 cg 수준이 확실히 올라간 것이 많이 체감이 되네요,10
뒤틀린 집,한국식 공포에서 벗어나려하는 시도,8
인랑,나는 진짜 정말이지.. 할많하않,1
외계+인 1부,솔직히 나쁘진 않음~~ 막 어마어마하게 재밌진 않아도 볼만함~~ 근대 음향은 좀 미스인듯~~ 영화관이 잘못된건가 배우들 말이 웅얼웅얼 하는 것 처럼 뭐라는건지 잘 모르겠었음,9
미니언즈2,내면의 야수를 끄집어내,10
태양은 움직이지 않는다,ㅎㅎㅎㅎ 누가 나와서 참 세상 말세다~ ,1
외계+인 1부,이해를 못하는 사람들이 재미없다고 하는듯ㅋㅋ,10
탑건: 매버릭,탑권 탑권!,8
외계+인 1부,오늘보고왔습니다~속편이 궁금~볼만합니다!,8
외계+인 1부,이걸 재미있다고 한애들  하~~알바들은 그렇다쳐도너무한거아니냐씨지도 그닥 내용도 유치,2
헤어질 결심,높은수준의 연출과 영상미 그러나 불필요한 장면이 너무 많음,7
해적: 도깨비 깃발,여주가 별로 ~~~~ 인성 좋은 사람으로 캐스팅 좀 하시길.,1
외계+인 1부,걱정하면 봤는데 진짜 잼나고 시간 순삭..  빨리 2부가 보고싶어요 n차로 4d에서도 봐야겠다~~,10
외계+인 1부,무슨 내용인지 잘 모르겠다..,2
토르: 러브 앤 썬더,딱 마블 평균. 로키대신 존재감 없는 코르그가 있는 게 아쉽다. 긴장감 제로,7
외계+인 1부,지금까지 본 cg영화중에 단연최고다! 가족들이랑 보기에 딱이야잼잇어,10
탑건: 매버릭,"보는 내내 내가 전투기에 탄기분, 내가 숨을 못쉬고 손을 벌벌 떨면서 봤다. 톰크루즈가 톰크루즈함",10
전우치,강동원은 붕붕 나는데 다른 배우들은 고생하는거 같아 측은할 정도.임수정이 이렇게 존재감 없다니..,6
탑건: 매버릭,기대안하고 봤는데 너무 재밌게 봤어요 굳굳,10
탑건: 매버릭,그냥 인생 영화 20번 봐도 돈 안 아까움 무조건 특별관에서 보세요,10
외계+인 1부,군대 가기 싫어 암 연기한 김우빈 출연이라 일단 마이너스...,5
탑건: 매버릭,진짜 어벤져스 엔드게임급으로 재밌게 봤다.,10
헤어질 결심,음악과  연기등 여운이  많이 남아요,10
외계+인 1부,아니 재미만있구만 평점테러 왜함?이거 재미없고 보기싫으면 그냥 평론가를 하셈.일반 사람들이 보기엔 충분히 즐겁고 유쾌함.,10
외계+인 1부,기대하고. 봐서 그런지 실망.장르도 무슨 짬뽕. 특별관 상영이 아깝,2
썸머 필름을 타고!,소박한 재미가 넘친다. 다들 연기도 잘하고 사랑스럽다. 뭔가 은혼을 좋아하는 사람이라면 재밌게 볼 거 같은...?,8
니얼굴,은혜시를 보며 눈물을 흘렸네요 힘든 사정에도 그림을 그리며 셀러 마켓에서 그림을 그리시고 처늠에 강의를 하시는 모습이 정말 감명이 깊어 재밌게 봤습니다^^^^노래를 부르는 모습도 아름디웠네요 삶의 피곤하고 힘들때 보기 참 좋은 다큐네요 ,1
미니언즈2,개인적으로 스토리는 미니언즈1이 더 재밌었어요!미니언즈2는 재미와 병맛그리고 귀여움에 몰빵한느낌이였다 그래도 만족!오토도 예고편보다 훨씬 귀엽다구요!오토한테 입덕 했습니다ㅠㅠ그리고 개인적으로 보면서 왜 악당들은 항상 저런 옷들만 입고나오는거죠ㅋㅋㅋㅋ 재미+귀여움은 다잡은 미니언즈2...또봐야지 ,10
나이트메어,어릴때 본 최고의 공포영화.. 이 영화만큼 무서운게 없었음....그 물 침대에서의 장면은 아직도 무서움...ㄷ ㄷ헐..조니뎁 나온거 몰랐네 ㅋㅋㅋㅋ,10
탑건: 매버릭,진짜 평점 잘 안쓰는데 이거 너무 재미있다그냥 재미있다는 말로 밖엔 표현이 안된다....,10
토르: 러브 앤 썬더,토르의 화려한 액션과 적절한 유머가 어우러졌던 영화. 여름엔 이렇게 아무생각 없이 즐겁게 볼 수 있는 영화가 필요해~~,8
더 킬러: 죽어도 되는 아이,"칼 대신 총을 든 장혁, 별론데",4
외계+인 1부,탑건 특별관 돌려주세요염정아와 조우진말고는 남은게 없는...,2
외계+인 1부,탑건 특별관 돌려주세요염정아와 조우진말고는 남은게 없는...,2
외계+인 1부,시간이 아깝지만 꿀잠잤다,10
미니언즈2,여름하면 이제 미니언~!,10
외계+인 1부,"음..별로다...,,",1
미니언즈2,개재밌다 올해 본 영화중에 젤 재밌음,10
헤어질 결심,천천히 쌓아올린 감정들을 한 번에 터트리는 2시간이 이 장면을 위한 것이었구나라는 걸 느꼈습니다,10
외계+인 1부,기대를 안해서 그런지 생각보다 꽤나 재미지게 봤네요~~우리나라도 이런 영화를 만들어내다니 놀랄만한 장면도 있었고 개인적으로 김우빈이라는 배우가너무 잘해서 놀랐네요~~,8
외계+인 1부,여기저기서 코고는소리가?? ,1
외계+인 1부,느므 재밌게 봤어요~~ 특히 염정아 조우진 너무 좋아요 2부가 기대되네요,10
토르: 러브 앤 썬더,토르영화를 본 건 처음이였는데 생각했던 것보다 박진감 넘치고 재미있었네요 ㅎㅎ,9
미니언즈2,영화보는 내내 미니언들 목소리에 너무 웃고 새로운 캐릭터들도 귀엽고 영상미도 최고!!,10
탑건: 매버릭,그냥 인생영화임 말이 필요없음 안보면 손해,10
외계+인 1부,투머치너무 투머치,4
명탐정 코난: 할로윈의 신부,미쳤다... 너무 재밌어요...,10
미니언즈2,재밌네요!! 그냥 아무생각없이 봐도 재밌어요!,10
외계+인 1부,염정아님 조우진님 연기가 진짜 대박입니다!,10
외계+인 1부,좌충우돌 오합지졸 총체적난국,1
외계+인 1부,신검을 갖기위한 인간+로보트+외계인의 대난투극,6
외계+인 1부,내가 왠만해선  돈 아까워서  끝까지 보려고 했는데 이건 뭐... 중국영화 따라하는 수준인데?? 진짜 ㅈ같아서  중간에 나옴,2
씨 비스트,애니메이션 안보는편인데 영상미가 좋아서 시간가는줄 모르고봄,8
부기나이트,귀하형 하렘물이다ㅋㅋㅋㅋ,10
토르: 러브 앤 썬더,너무 유치하고 피식피식 코웃음만 나오는 영화입니다.왜 이따구로 만들었는지 모르겠네요.,1
외계+인 1부,배우님들연기만좋고 진짜보는내내 암걸릴것같았음  아침조조에할인받고봤는데도진짜돈아깝고시간아까움 킬링타임도안됨,1
미니언즈2,역시 미니언즈는 병맛이지!!이 맛 어디 안갔어~~,10
딥워터,이영화를 끝까지볼수있다면 군대도 필요없다. 당신은 인자강임,2
위대한 쇼맨,아아아 너무 재미있다 하하 꿀잼,10
외계+인 1부,아 지루하고 지루한 영화 최악이네,2
외계+인 1부,이정도면 진짜 시원하게 잘봤다 . 여름 수박같은 시원함 김대명은 신선함 ,10
탑건: 매버릭,내리기전에 보세요강잼!,10
외계+인 1부,조조로 방금 와이프랑 같이 봤습니다너무 재미있어서 두시간 넘도록 소변 마려웠는데 참고 다 봤습니다 다음편도 기대됩니다,10
뽀로로 극장판 보물섬 대모험,전역하고 23살에 봤는데 매우 재미있게봤습니다,10
외계+인 1부,전우치에 가깝습니다. 호불호는 갈리겠지만 분명 재미있는 영화입니다. 내년 2부가 기대되네요. ,10
외계+인 1부,재밌네재밌어 액션 좋아하면 강추지겨울줄 알았는데 그런거 없다,10
외계+인 1부,ㅋㅋ나만당할순없지.,10
외계+인 1부,전우치 상위호환의 영화,10
외계+인 1부,방금 조조 로 봤는대결말 머냐?솔직히 기대 했는대 별루임,4
토르: 러브 앤 썬더,웃긴 영화가 아니라 우스운 영화. 토르는 가디언스 오브 갤럭시가 될 수 없었다. 시리즈물에 같은 감독 두 번 연속 시키면 매너리즘으로 망한다는 속설을 다시 한번 증명하는 작품 ㅠ,3
더 킬러: 죽어도 되는 아이,전개도 빠르고 신파없는 액션이라 재밌게 봤습니다.,10
토르: 러브 앤 썬더,재밌게 잘 봤습니다 볼만해요!!!!,9
외계+인 1부,"신선,기괴,화려함 딱 그런 느낌근데 묘하게 재미있고 끌립니다!!sf+한국적인 요소를 가미한 판타지 액션 장장 2시간 20분동안 정신없이 후몰아치는 액션과 화려한 미쟝센들 혼이 다 빠집니다이런 영화는 최동훈 감독님만이 연출 하실 수 있는겁니다!!  꼭 극장에서 보세요!!",9
외계+인 1부,"기대가 커서 실망이 더 크다... 좀 지루하고 웃기지가 않았다..ㅠㅠ 이렇게 예산이 큰 영화가 망하면, 우리나라 영화계에도 타격이 클텐데.. ㅜㅜ 아아.. 2부는 또 어쩔라고..",2
외계+인 1부,엄청재미있음.시사회평점은누가준건지.강추.,10
핸썸,대한민국 영화가 지금 세계적으로 뻗어가고 있는 이시점에 똑같은 돈을 쓰고도 이런 연출에 이런 연기가 나올수있다니.. 정말 심각합니다 투자자들 곡소리가 여기까지 들린다 ㅋㅋ,2
사운드 오브 뮤직,미친 대작 ... 1965년에 이렇게 감각적이고 멋진 영상미를 만들었다는게 믿기지가 않는다,10
외계+인 1부,"태리언니,,, 왤케 분량 적어 !ㅠ ",10
쥬라기 월드: 도미니언,"역대 시리즈중 최악, ,.긴장감은 제로, ,.메뚜기월드를 찍은건지, , 어쩐건지..돈아깝네요.영상미는 좋습니다.",2
외계+인 1부,안전하게 전우치 2나 찍지 그냥....기다리는 사람이 얼마나 많은데....ㅠ,1
헤어질 결심,이 영화는 2022년도 최고의 멜로 영화이다. ,8
외계+인 1부,평론가들 평이 애매하길래 걱정했는데 뭔 갸재밌었음 ㅋㅋㅋ 애초에 최동훈 감독님 작품은 상업영화에 최고임,10
외계+인 1부,이제 캐스팅만으로 밀어부치는것도 한계에 이른듯 합니다. 더도말고 아이맥스등 특별관만이라도 탑건 매버릭에 도로 넘겨주세요,3
마녀(魔女) Part2. The Other One,"감독은 욕하는게 터프한걸로 착각하는 것 같다. 욕좀 줄여라, 오글거린다. 박정훈 감독은 일반인도 조폭화시키는 특기가 있다. 특수효과는 주성치 코미디 영화의 특촬 보는 줄 알았다.스피디하게 하고 연출하려고 하는 것 같은데 코미디 영화 같다. 돈이 부족했나. 그리고 연기가 괜찮은데 처음보는 낯익은 배우가 나와서 누군가 했다. 근데 박은빈이었군. 난 박은빈이라는 배우를 우영우 보면서 처음 알게 됐는데  연기를 보고 사랑에 빠져버렸다. 근데 마녀를 보고 정말 쇼킹했다. 이렇게 사람이 달라 보이다니. 더 빠져버릴거 같다.",4
외계+인 1부,굿임 짱임 우빈찡 최고에영,10
미니언즈2,심장에 무리가는 최강 귀염둥이들 ㅠㅠ 러닝타임 내내 왜 내 입꼬리 내려가질 못하니.. 조카하고 한 번 더 봐야지 ㅠㅠ,10
토르: 러브 앤 썬더,그놈의 PC 탑건이나 돌려줘요,1
외계+인 1부,재미없음ㅈㄴ읻ㅂ이싣,2
탑건: 매버릭,뻔한 클리셰 덩어리지만 그 클리셰를 너무나도 잘 사용한 영화,10
토르: 러브 앤 썬더,웃겨요~지루하지 않고 꼬인 스토리도 아니고 즐길만 해요~결국 사랑이 최고~,10
백두산,이병헌 연기 굿 주인공 굿,8
외계+인 1부,"믿고보는 감독, 추천햅니다",10
탑건: 매버릭,짱잼!,10
엑설런트 어드벤쳐 3,먼 영화가 바보들의행진이네 ㄷㄷ,2
외계+인 1부,기대하고 있었는데 그이상임  1점주는사람들 영화안본게 맞을거임  왜 네이버는 영수증인증안함??,10
외계+인 1부,1점은 진짜 보고 주는 걸까요?? 도사란!ㅋㅋㅋㅋ 진짜 간만에 웃기고 재밌는 영화 봤습니다,10
외계+인 1부,일단 2부를 봐야 명확한 판단이 될거 같다. 1부만으론 기대이하지만,6
탑건: 매버릭,마녀와 고민했던 내 자신이 너무 한심해지는 순간이었다. 모든게 완벽한 5중주를 이루는 대작이다. 내 방을 4DX 상영관으로 바꾸고싶다.,10
탑건: 매버릭,꼭 보세요!! 올해 최고의 영화!,10
헤어질 결심,외국에서 상 받는 영화들은 나랑 맞지않는듯 하다... 영화가 어렵거나 이해가 되지 않는게 아니고 크게 와닿지 않는다고 할까... 같이 보러간 남편은 쿨쿨 자고 있고.. ㅎ 탕웨이의 발음때문에 더 집중이 안되고.. 그나마 박찬욱 감독의 영화중에 자극적인 장면이 없어서 맘편하게 볼수 있었던 영화이긴 하다. ,6
외계+인 1부,도전만으로도 칭찬할만하다,8
외계+인 1부,외계인의 거대한 세계관 속 스토리를 천천히 쌓는다는 느낌으로 스토리텔링해 주는데 관객 입장에서 매우 잘 와닿았습니다. 또 화려한 CG들이 매우 자연스러워서 이 영화를 계기로 한국형 SF 영화가 발전할 수 있을 거라는 생각이 듭니다. 영화 보는 내내 웃음 포인트들이 많아서 극장이 30분 이상 조용한 적이 없는 것 같아요! 올 여름 외계인 관람하면서 더위 시원하게 날리면 좋을 것 같습니다!,10
탑건: 매버릭,최고의 엔터테인먼트 영화. 딱 깔끔하게 한편 즐기기 좋게 만들어 놨어요. 앞선 영화 안봐도 충분히 재밌음!!!!근데 내가 관람한지 어떻게 알았지?,10
외계+인 1부,와..이전에 한국에 이런영화가 있었나요?!한국판 어벤져스의 시작을 알리는 대작입니다.,10
미니언즈2,제 친구닮았어요 미니언즈,10
탑건: 매버릭,역사에 남을 영화란 이런 것.,10
너의 결혼식,재밌습니다 혼자 봐도 좋고 두리봐도 좋습니다   추억은 방울방울… ,10
외계+인 1부,호불호 갈리는건 맞는데 1점 받을 영화는 아님 ㅇㅇ 그렇다고 10점 짜리 영화라면 더 아니라고 생각함 ,6
미니언즈2,"너무 기대했나 내용 연결이 루즈하고 캐릭터간의 개성 부족, 자본유입으로 내용 엉망 전편에 비해 너무 재미없음 미니언즈들은 귀엽긴함.",6
미니언즈2,캐릭터도 너무 귀엽고 재밌네요!!,10
탑건: 매버릭,액션 이런 영화 잘 안보는데.... 정말 재밌었습니다 두근두근 긴장감에 쓰피뜨 한 영상미에 짱짱,9
외계+인 1부,나는 시사회로 먼저 봤는데 생각보다 cg나 코믹요소도 괜찮았음 전개가 지루하지않고 속도감있어서 볼만함 근데 1편으로는 세계관 이해못하긴 함.. 댓글알바 아님,9
미니언즈2,미니언즈 시리즈는 다 봤는데 이번 편이 통틀어서 젤 귀여움 완전 미침 ㅜㅜ,10
경관의 피,촬영감독.오디오감독 초짜인가?왤케 엉성해.도통 영화에 집중이 안되네.,4
탑건: 매버릭,아아 진짜 좋아요 무조건 보세요 인생영화!,10
외계+인 1부,7광구 인랑 ....염력....,2
외계+인 1부,이거 뭐 알바들 찬지군 조조를 10시도 안되서 다 보고 나왔어 ? 2시간반짜리 영화를 ? ㅋㅋ사기꾼들,1
감동주의보,순수하고 따뜻한 영화네요 ,10
그레이 맨,최근 액션 스릴러 영화중 TOP3 안에 들어 갈 정도로 정말 볼만함 짜임새도 있고 본시리즈+007+존윅 짬뽕 시켰다고 할수 있음 누구나 시원한 얙션 박진감 넘치는걸 좋아한다면 강력 추천,8
토르: 러브 앤 썬더,크리스찬베일이 다 했다.,7
외계+인 1부,너무너무 유치하고 이것저것 뒤죽박죽 ,2
외계+인 1부,압권입니다!!! 추천이용!!!,10
외계+인 1부,"평점 1점 주는 사람들은 알바냐, 테러냐. 솔직히 이게 1점 받을 영화는 아니지 않냐. 캐릭터 재밌고, 볼거리 많고, 대사 웃기고. 9점 주려다가 별테충들 짜증나서 10점 줌. ",10
외계+인 1부,너무 재밌게 잘봤습니다,10
미니언즈2,미니언즈 너무 죠아요 ㅠㅠ 개봉하자 마자 달려감 흑흑,10
작전,"★한국 주식의 어두운 면을 보여준 영화. 한편으로 다 보여줄려니 개연성에서 아쉬운 면은 있지만, 주식 하는 사람이라면 공감할듯. 김민정이 있어서 어두울뻔만 영화가 화려해졌다",10
외계+인 1부,와우우우우~~~~&amp;#92;,1
월터의 상상은 현실이 된다,인생영화누가 한국제목을 저따구로 지었나마지막 표지사진은 눈물을 자아냄,10
외계+인 1부,갠적으로 진짜진짜 재밌음 ㅎㅎ 시간가는줄 모르고봄 또보고싶다,10
엘비스,엘비스의 인생이 너무너무 짠하네요 ㅜㅜ,10
외계+인 1부,최동훈 감독님  개 지렸습니다 아침 7시에 아이맥스로 보고왔는데 기대보다 더 잼있어요 시간 순삭을 처음 느꼈네요 세계관 훌륭하고 연기 죽이고 액션 시원시원 하고 내년까지 어떻게 기달려야 하나요 2부 빨리 보고 싶네요,10
외계+인 1부,"최감독님.. 이건 아니잖아요.. 얼마나 기대하고 아침 일찍 가서 보고 왔는데 .타짜, 전우치,,도둑들,암살.. 감독님이 맞나요 ??? 외계인이 최동훈 감독을 납치 하고, 변장해서 만들었다고 하면  믿겠어요... ?? 이것을 2편이나 만들었다는 것이. 믿어지지 않네요.. 기대가 많아서 그런가. 그래도 옛정이 있어서. 6점 드립니다..",6
외계+인 1부,스토리가 뒤죽박죽이긴 한데 토르보다 배밌네요,9
엘비스,보헤미안 랩소디보다 나은 영상과 스토리라인 그리고 OST 다만 앨비스가 퀸보다 윗세대 스타라 흥행은 그에 비해 못 미칠 듯 하네요. 하지만 영화 자체는 강추합니다,9
외계+인 1부,감독님 팬이라 기대 많이 했는데 좀 ... ,1
외계+인 1부,토르 러브 보단 낫다. 우뢰맨 상위버전?,8
미니언즈2,애랑 애친구랑 방학맞아 조조관람으로 추천. 아이들 보게하고 엄마들 티타임. 모두가 즐거운 영화. 초딩도 엄마도!!,10
외계+인 1부,cg하나는 헐리웃 수준 이상이내요이정도면 어르신들 빼고 재미나게 볼수준입니다우리나라 영화가 세계 흥행할 시간도 얼마 안남은듯,10
외계+인 1부,이정도면 훌륭한 스토리 입니다.              ,10
탑건: 매버릭,정말 볼만한 영화임에는 틀림 없다,10
탑건: 매버릭,말이 필요없음. 인생영화!,10
미니언즈2,어렵지 않고 단순한게 딱 좋아!!,6
외계+인 1부,댓글충들 보지말고 평론가평봐라완벽히 적중한다.,10
외계+인 1부,재밌는데..왜다들 악플이지,10
미니언즈2,1보다 재미없음 슈퍼배드가 더 좋다,8
미니언즈2,자본을 무시 못하는 거는 아쉽지만.. 캐릭터는 귀여우니까,8
미니언즈2,미니언즈들 너무 귀여워요ㅋㅋㅋ슈퍼배드 등장인물들 나온 것도 좋았어욕,10
미친 능력,페드로파스칼이 귀엽고 연기를 잘해요,7
헤어질 결심,호불호가 심하게 갈릴것같은데 난 불호,4
외계+인 1부,굿긋긋긋꼭보셔야될영화,10
외계+인 1부,짱존잼. 스크린으로 봐야 맛.,10
외계+인 1부,이 정도면 9점은 줄 수 있습니다.영화도 괜찮았지만.. 이런 시도 자체도 훌륭합니다.,9
탑건: 매버릭,오랜만에 정말 시원한 영화. 할리우드의 아날로그 감성이란 이런것이구나..!,10
"좋은 놈, 나쁜 놈, 이상한 놈",세르지오 레오네 감독의 the good the bad and the ugly 가 훨씬 낫다,4
탑건: 매버릭,올해 본 영화중에 최고!!!,10
외계+인 1부,영화 참신하고 새로운거 같아요,10
감동주의보,좋아요 잘봤습니다ㅎ^^,10
토르: 러브 앤 썬더,나쁘지는 않았는데 절대 좋다고는 말하기 어려움,6
외계+인 1부,이건 7광구의 재림2 ,4
외계+인 1부,감상평 : 볼만 합니다.,10
외계+인 1부,볼거리가 엄청나서 재밌었다.,9
미니언즈2,솔직히 이건 너무 하잖아,2
외계+인 1부,스포하자면 김태리가 마지막에 결국 알고보니 반전으로 사실은 충격적이었습니다~~,10
토르: 러브 앤 썬더,토르 캐릭터 자체가 유치하긴 하지만 중간중간 크리스찬 베일 연기는 감동적이 였습니다. 마블 팬으로서 본 영화는 조금 아쉽네요,7
외계+인 1부,7년만이라 그런가 감을 잃었넹^^,2
마녀(魔女) Part2. The Other One,"마지막 액션신 아니였음 별1개도 아까웠음맥락없는 욕은 난무하며 박은빈,서은수는 연기력문제라기 보다 뭔가 어울리지 않은 배역을 맏은거 같고 스토리 자체도 1편과 어울리는게 하나도 없고 CG는 강동원 나온 전우치수준의 CG였음전우치의 CG가 구리다는게 아니라 전우치는 만화적인 요소가 강해서 CG가 그렇게 해도 어울렸는데 마녀는 전우치와 같은 장르가 아닌데 만화적인 CG가 너무 깼음누가 그러던데 우뢰매 수준의 CG라고ㅋㅋ그냥 마지막 액션신만 몰입했음",4
외계+인 1부,조조로봤다는애들은 어느영화관임? 조조였어도아직 끝날시간이아닌데...댓글알바많네...나중에심심하면 티비서할때봐야지,2
알라딘,굿…,10
로스트 도터,*올리비아 콜맨은 믿고 보는 배우다. *항상 희생하는 우리네 어머니상은 이제 지겹다.,8
탑건: 매버릭,스토리는 단순하지만 쫄깃한 아날로그 화면이 매력적이다,8
토르: 러브 앤 썬더,토르는 얼마나 더 바보가 될 것인가??,6
외계+인 1부,갓동훈 또 사고치네....,10
외계+인 1부,조조 영화로 보고 왔습니다!!재미 없다는 사람은 도대체 어떤걸 보면 재밋다고 느끼나요..? 궁금해지네요,10
외계+인 1부,최동훈 감독이 야심차게 만든 한국상업영화의 끝판왕,8
탑건: 매버릭,너무 재밌게 봤습니다~,10
외계+인 1부,여러분 보지 마세요 진짜 후회합니다,2
미니언즈2,PC에 찌들어서 인상 찡그리게하는 영화보다 이런 엉뚱미랑 귀여움 나는 영화가 더 낫다고 생각한다,6
미니언즈2,겁나재미있네 꼭보세요!!,10
외계+인 1부,대체 어디가 재밌다는건지 모르겠어요 시간여행조잡 캐릭터매력없음 외계인난잡 흐름이 한줄기로 이어지는게 아니라 끼워맞춘느낌이었습니다. 개인적으로 올해 최악의 영화였어요 ,1
외계+인 1부,시대배경이  왔다갔다 난잡하고  이게 시리즈처럼 에피소드 형식이  아니고 중간에  끊어지듯이  2편이  있다고  예고합니다.... 근데  2부가  정말 기대가  안되네요,1
외계+인 1부,최근에 탑건이 너무 넘사벽이긴 했나보다. 같은 오락 영화지만 급이 다름. 탑건 4DX는 그만좀 내리고 그냥 쭉 가자.,3
전우치,강동원 얼굴이 9할인 조선판타지,10
헤어질 결심,진짜 미쳤다 연기에 감동하다가 치고들어오는 영상미에 정신 못차림,10
외계+인 1부,"방금 조조로 보고 나옴. 코돌비. 호불호 갈린다길래.. 어떨까 했는데 CG도 걸리는 것 없고, 배우들 연기도 좋고. 내년 2부 개봉이라는데 얼른 보고 싶은 마음~",10
외계+인 1부,오랜만에 영화봤는데 개존잼임,10
탑건: 매버릭,"진짜 너무너무 재밌었다... 이거밖에 할말이 없다,,,",10
외계+인 1부,한국 영화 명작 &amp;#34; 타짜 &amp;#34; 의 최동훈 감독님 몸 속에 들어간 외계인이 연출한 작품.,5
명탐정 코난: 할로윈의 신부,"진짜 역대 25개의 코난 극장판 중 가장 재미있었다고 호언장담할 수 있는 레전드 극장판입니다ㅠㅠ 그동안은 스토리가 진부하게 흘러가고, 결말 또한 진부했다면 이번 극장판은 스토리도 결말도 모두 만족스러웠습니다! 또 코덕이 아니셔도 재미있게 볼 수 있는 흥미로운 내용이고, 코덕이시면 영화 내부에 숨어있는 경동조 스토리 등 감동포인트가 많아서 더 재밌게 보실 수 있습니다♥ 하지만 뭐니뭐니 하도 마츠다상이 나와서… 너무 재밌었습니다.. 얼굴이 그냥 대유잼이에요.. 극장판 보고 나와서도 계속 감탄사만 내뱉었고 지금까지도 여운이 가시질 않았네요..  앞으로 할로윈의 신부 같은 극장판이 많이 나왔으면 좋겠네요ㅠㅠ 너무 재밌게 봤습니다ㅠㅠ ",10
더 킬러: 죽어도 되는 아이,얙션 좋아하믄  걍 보면된다!!!,10
외계+인 1부,악!!!@@&amp;&amp;””,1
외계+인 1부,취향에 안맞을수는있어도 재미없을수는 없는영화ㅋㅋ마블 잘 안보는데 재밌게는 보고나옴 일단 보고말합시다,10
외계+인 1부,아무나쓸수있는건가?,10
외계+인 1부,한국 영화의 진일보. 2부 기대,10
외계+인 1부,영화 잘봤습니다 영화 잘봤습니다 ,6
더 킬러: 죽어도 되는 아이,상영 시간 배정이 많이 되어있지 않아 기대 없이 봤는데 기대 이상으로 넘 잼나게 봤네요~^^,10
외계+인 1부,굿굿 2부가 기다려짐!!!무륵과 이완의 정체는?! ,10
미니언즈2,영화 잘봤습니다 영화 잘봤습니다 ,8
외계+인 1부,눈이 즐거운 오락 영화~ 어디가 재미없다는건지 모르겠네요..,9
외계+인 1부,포스터 자체가 3류느낌이라 안볼거임...한달뒤 넷플에 나올거 같은느낌,6
스윙키즈,정성들여 만든 졸작....,5
그레이 맨,영화 내내 때려 부시는데 뭔가 부족한ㅜ좀 참았다가 넷플릭스로 볼걸ㅜ,7
외계+인 1부,개봉날 달려가서 봤는데 너무 재밌다!! 지루할틈도 없이 숨도 못쉬고 봄,10
미니언즈2,말 그대로 귀여움 한도 초과!! 역대급 귀여움! 올 여름 힐링무비로 제격,10
외계+인 1부,최동훈도 고꾸라질때 됐지.. 조우진 염정아가 캐리,1
RRR: 라이즈 로어 리볼트,탈리우드 영화가 맞네요. 짓밟힌 식민지 인도의 강한 독립의지와 대의를 보면서 뭉클했어요. 세얼간이 이후로 가장 기억에 남을 인도영화에요~,10
외계+인 1부,용산 아이맥스 개봉날 아침 양사이드 텅빈 거 처음 봤네요심지어 중앙쪽도 널널ㅜㅜ비싼 특별관서 내가 이걸 보다니ㅡㅡ;;미니언즈 보거나 탑건을 한번 더 볼걸 진짜ㅠㅠ,1
토르: 러브 앤 썬더,약간의 유머와 화려한 영상미,7
더 킬러: 죽어도 되는 아이,액션연기는 대한민국 최고 장인이라고 해도 이견이 없을 것 같습니다. 단지 종반부의 내용은 고민이 필요할 것 같습니다.,10
토르: 러브 앤 썬더,크리스찬 베일은 역시... 캐릭터가 더 깊었다면 좋았을 것을,5
미니언즈2,기대는 많이 안 했는데 볼 만 하네요 재밌어요 ,6
탑건: 매버릭,영상미도 최고고 톰 아저씨도 최고고. .4d로 한번 더 볼려 했더만 상영관이 없네ㅠ,10
외계+인 1부,진짜 한국영화CG수준을 아주 잘봤다….,1
미술관 옆 동물원,이런 사랑을 원했었지.,10
외계+인 1부,안보면후회합니다 ㅎ점점발전되는 한국영화,10
외계+인 1부,어제 시사회 당첨돼서 봤는데 재밌음 확실히 이 감독 재미 하나는 제대로 뽑긴 함,10
미니언즈2,조올라 귀여워요ㅠㅠ 보는 내내 광대폭발..!! 귀여워서 팝콘을 먹을수가 없었다능 ㅠㅠ,10
외계+인 1부,너무 재밌어서 깔깔 웃으면서 봤어요 와중에 스토리도 있어서 감동적임,10
외계+인 1부,너무 재밌어서 깔깔 웃으면서 봤어요 와중에 스토리도 있어서 감동적임,10
미니언즈2,언제봐도 유쾌하고 즐거운 영화 미니언즈 ㅋㅋㅋ,10
외계+인 1부,대한민국에서 이런영화를....잼있네요,10
외계+인 1부,최동훈의 상상력은 어디까지인가!도술 sf 액션 코미디 다 그리 좋아하지 않는 장르인데도 그 상상력에 실제로 구현해내는 실력에 푹 빠졌다2부까지 보고 나서 평하는 게 맞는 거 같지만 1부만으로도 과감한 도전을 한 최동훈의 용기에 박수를 보내고 싶다 얼른 다시 n차 하고 싶다,10
미니언즈2,미니언즈 역시나 너무 웃기고 귀여워요,10
탑건: 매버릭,영화관에서 꼭 봐야할 영화,10
외계+인 1부,캐스팅만 좋고 어린이영화처럼 유치하네,2
미니언즈2,Ost도 너무 좋고 미니언은 귀엽고 스토리는 유쾌해요 n차 관람 각!,10
외계+인 1부,2부가 기대되는 작품 ㅋㅋㅋ,10
헤어질 결심,어려운 영화임 . 그리고 난 지루해서 별로였음 내스타일 아니얐움,8
외계+인 1부,평론가가 왜 혹평하는지 솔직히 모르겠다. 한국 영화 특유 개그 요소가 없어서 좋았고 이런 sf를 한국 영화로 볼 수 있는게 좋았습니다,10
미니언즈2,"느슨해진 애니메이션에 긴장감을 줄 정도로 너무 귀여워요 ㅠㅠㅠ 다양한 복장을 입은 민희언들...,,,한입에 넣고 와라ㅏ랑랑라아ㅏ 하고 싶어요ㅠㅠㅠ",10
외계+인 1부,신선하고 세계관도 재밌음 2부도 빨리 보고싶다 ㅋㅋ,10
외계+인 1부,역시 최동훈 크 그리고 배우들 매력이 쉴새없이 쏟아짐ㅋㅋㅋㅋ개봉전 시사회로 봤는데 드디어 개봉이군 주말에 또 보러 가야지~,10
외계+인 1부,너무 재밌는데?!!! 스토리 어렵지 않고 보다보면 점점 이야기에 빠져들게 된다! 충분히 재밌고 볼거리 많으니 걱정마시길!! ,10
미니언즈2,사랑해 사랑해... 앓다죽을 미니언즈... 첨부터 끝까지 귀엽다 올 여름은 미니언즈2,10
미니언즈2,역시 귀여움이 세상을 구한다 &amp;gt;ㅁ&amp;lt;,10
미니언즈2,"너무 귀여운 미니언즈,, 보면서 자꾸 말을 따라하게 되네요 ㅋㅋ영상미도 좋고 지루하지 않는 액션까지 더해져서 재밌게 봤습니다.",10
외계+인 1부,2부 언제나와ㅜㅜ 진짜 여름에 걸맞는 극장용 영화였음 ,10
외계+인 1부,한국에서도 이런 영화가?꽤 볼만했습니다. ,10
외계+인 1부,진짜 획기적인 영화임ㅋㅋㅋㅋ 태리야끼 최고 ㅠㅠ,10
외계+인 1부,진짜 이 캐스팅은 사기 아니냐고 ㅋㅋ 아 너무 좋아,10
외계+인 1부,영화 보는 내내 깔깔 거리다 나옴. 전우치 재밌게 본 사람들이라면 이 영화는 업그레이드 버전이라고 생각하면 됨! 무릇 도술이란!! 부채 펴는 무륵이 너무 귀여움. 주말에 한번 더 봐야지 ㅋㅋㅋ,10
미니언즈2,미니언들 너무 귀여워서 웃느라 광대가 아프네요 2차관람 가보자고~!~!,10
미니언즈2,더 퉁퉁해진 미니언이 너무 귀엽네요,10
미니언즈2,(?˙∇˙)? 와 요번 미니언즈 ost 직이네요... 70년대 샌프란시스코 감성 낭낭한 팝음악으로 신나게 뉴트로 즐기고 온 기분이에요!,10
외계+인 1부,시간 가는 줄 모르고 잘 봤네요~,10
외계+인 1부,올해 최고의영화 입니다,10
외계+인 1부,재미있답니다~^^보세요,10
외계+인 1부,주인공이 끌고가는 영화에 익숙했었는데 세계관에 빠졌다...,10
미니언즈2,여름엔 미니언이지 ㅋㅋ너무 귀엽고 귀여워서 N차 간다 ㅋㅋ데이트 무비로 땋 ,10
탑건: 매버릭,정말 영화다운 영화제대로 즐기려고 2회차 이상 본건 이 영화가 처음.,10
외계+인 1부,많은 이야기가 섞여있어 초반에는 잉..? 하지만 뒤로 갈수록 아아…아! 와!! 가 되어버리는. 후반 액션씬이 굉장히 인상적! ,10
외계+인 1부,한국 CG 타령은 대체 언제까지 할건가요,1
엘비스,이 영화는 무조건 사운드 빵빵한 극장에서 봐야 더 재밌게 볼 수 있다,10
키싱 부스 3,영화긴 하지만 내여친남친이 우정이랍시고 저러면 밥상 엎어버릴듯… ㅋㅋㅋ ,2
미니언즈2,애들이 좋아해서 간만에 10점 만점준다.,10
미니언즈2,그냥 미니언 ㅠㅠ 너무 좋음 너무 귀여움,10
그레이 맨,액션씬은 볼만 합니다만 스토리는 늘 보던 스토리네요,7
그레이 맨,액션씬은 볼만 합니다만 스토리는 늘 보던 스토리네요,7
미니언즈2,오랜만에 너무 신나고 즐겁게 관람! 귀여운 것도 귀여운 건데 정말 힐링된다 ,10
외계+인 1부,영화관에서 사람들이 다같이 박장대소 한 영화는 처음이었어요!! 진짜 너무 재밌고 CG도 잘 되어있고 정말 웃겼어요!!! ,10
헤어질 결심,감독이 가장 쉽게 이야기를 들려 주는데 내멋대로 해석하면 어려운 영화. ,8
컴온 컴온,아이의 눈에서 보는 세상 이야기,7
토르: 러브 앤 썬더,굿,10
미니언즈2,미녕들 진짜 너무 너무 귀엽다. 2차 가야겠다,10
헤어질 결심,간만에 제대로된 멜로영화,10
더 킬러: 죽어도 되는 아이,"안보신  분들  꼭 보세요  특히  영화관에서!안보면  후회합니다  진짜루스토리 ,연출,액션,연기등  뭐하나 빼놓을 수 없는  작품입니다꼭  보십시오 !",10
미니언즈2,귀여움이 세상을 구하지 ㅠㅠ ,10
헤어질 결심,이 영화는 다른 영화들과 달리 엔딩에서 뒤통수를 내려치는 감동이 밀려온다. 마치 영화 속 밀려들어오는 밀물처럼. 영화는 전적으로 해준과 서래의 사랑의 감정의 엇갈림을 근사한 수사물로 풀어냈다. 거장의 솜씨란 얘기다. 박찬욱 감독 영화 중 가장 덜 화려하지만 치밀한 작품. 산과 바다의 댓구는 훌륭하다.,9
외계+인 1부,"최초 시사로 봤는데 너무 재밌게 잘 봤어요. 어떤 평론가가 흐름을 따라가기가 어려워서 몰입이 어렵다 해서 걱정했는데 화면에 눈만 붙이고 있으면 다 이해가 가던데 왜 그렇게 평하신건지,,,아무튼 정말 재밌으니까 꼭 보시길 추천드립니다",10
외계+인 1부,진심 차라리 미니언즈를 봐라ㅜㅜ,1
탑건: 매버릭,한사람에 인생을 보는것은 참 슬프구 멋지다,10
미니언즈2,그냥 봐도 귀엽고 움직이면 더 귀엽고...귀엽고 재밌어요!,10
탑건: 매버릭,1분1초도 지루하지 않았던 영화!인생영화 하나 더 추가.,10
마녀(魔女) Part2. The Other One,스토리 참신하고 이런 먼치킨류 영화 너무 좋아합니다. 그리고 여주 정말 잘 뽑은거같음 김다미에 이어 또 참신한 신인발굴.. 앞으로 기대됩니다. 그리고 마녀3 너무너무 기대됨 김다미와 신시아 조합이면 대박일듯...,10
외계+인 1부,이 영화의 진짜 도사는 최동훈 감독. 늘 그랬듯 빅재미 주네!!,10
외계+인 1부,재밌습니다 분명 재미있는데.... 눈도 즐겁고 보면서 와... 대박이다 기술이 이렇게 발전했구나 신기하기도하고 근데 이상하게 보면볼수록 재미없고 지칩니다 영화도 되게 길게 느껴져요 왜일까요? 설명하기 참 어렵네요 ,10
외계+인 1부,"어제 아이맥스로 보고온 솔직 후기입니다. SF도 넣고싶고, 재미도 넣고싶고, 스토리도 넣고싶고~ 에잇 몰라 다 때려박아!!! 그렇게 300억 가량 투자한 영화가 이겁니다. 손익분기점이야 배급사가 CJ니까 OTT판권까지 넘기면 충분하겠다만, 돈 주고 영화관가서 보기에는 뭔가 아깝다는 생각이 들었음.. 물론 CG는 좋았음. 다만 보고온후에도 스토리개연성이 부족해 내용은 하나도 안남음. 기억에 남는건 조우진,염정화 배우..",1
썸머 필름을 타고!,보는내내 기분좋은 청춘영화!!,10
미니언즈2,너모 귀엽다...마스크 속에서 광대 안내려옴ㅎ  계속 옷 갈아입고 나오는게 킬포... 내 원픽은 파일럿 복장 미니언&amp;gt; &amp;lt;,10
그레이 맨,괜찮은 액션영화 스토리도 괜찮고 무엇보다 개연성과 액션이 좋아서 무난하게 보기 좋다!!,8
토르: 러브 앤 썬더,탑건 아이맥스 좀 돌려주세요,2
미니언즈2,너무 좋아요 미니언즈! 마치 살아있는 것 같은 느낌적인 느낌~ ,10
미니언즈2,"미년들ㅠㅠㅠ왜 이제야 온 거... 오랜만에 1편 다시 보고 봤는데 ㄹㅇ 스토리 엄청 다채로워지고,, 새로 등장하는 오토도 너무 귀엽고,, 진짜 세상을 누비는 미니언들ㅋㅋㅋㅋ 시간 가는 줄 몰랐네요 짱잼",10
레지던트 이블: 라쿤시티,집중이 안되서 딴짓하면서 봤어요 무섭긴 해요 분위기가,6
외계+인 1부,아무도 시도조차 못했을 천재적인 작품!! 최동훈감독이 멋지게 해냈다!! 예고편과 평론가 평 보고 기대 없이 봤는데 스토리도 탄탄하고 연출과 배우들 연기도 일품이라 2시간이넘는 긴 러닝 타임에도 불구하고 시간 가는 줄 모르고 봤어요!! 범죄도시 2 보고 근래 본 영화중에 제일 재밋다고 생각 했는데 외계인이 더 재밋었습니다. 영화 끝나자마자 쓰는건데 벌써 2부가 기대되네요.  이번에 또 배웁니다. 평론가 평은 걸러라!! ,10
외계+인 1부,최동훈감독은 실망시키지 않는다,10
범죄도시2,식상한 스토리 / 억지로 웃기려고 친 드립은 쥐어짜낸 수준 / 전개 또한 베트남에서 갑자기 한국으로 이동.이게 천만이 넘고 평점이 9점 넘는게 대한민국 영화 수준.,1
슈퍼맨이었던 사나이,정신병자 이야기로 봐도 되고 환타지로 봐도 되고. 괴짜로 봐도 되고 정의감으로 봐도 되고. 주인공의 사정과 사연에 치중되고 조금 쥐어짜는 분위기는 감정을 흔들기 어렵게 만든다.,7
외계+인 1부,너무 재미나게 봤네요~~,10
미니언즈2,그냥 계속해서 존나리 귀여운데 뭘 더 바라겠어ㅠㅠ 졸귀탱 진짜,10
헤어질 결심,녹색으로 보였다가 파랑색으로도 보이는 청록색 영화.,9
미니언즈2,그냥 너무 귀엽고 사랑스러움ㅠㅠ 미니언즈 집에 데려가고 싶었다ㅠㅠㅠㅠ,10
토르: 러브 앤 썬더,"어린이들이 너무 강해서 오글거림, 차라리 돌진할때 아스가르드인 군인으로 변신하면 더 멋있었을텐데. 스톰브레이크도 고귀한자만들수있도록 주문을 미리 걸어놨어야했고. 감정이 있는거처럼 나와놓고선 다른 자한테 당해버림.",8
외계+인 1부,시사화로 어제 봤는데  재밌어요 ㅎㅎ짜잘하게 웃긴 장면도 많도 연기도 너무 잘하고 신박한 능력?!과 CGㅋㅋㅋ  배우들 다 재밌는데 염정아님 너무 재밌음ㅋㅋㅋ,10
미니언즈2,완전 귀여움 그냥 미쳤음ㅋㅋ!! 미니언들 깨알같이 외모랑 성격 다 다른게 진짜 킬포!!! 안끝났으면 좋겠다 했는데 끝나버림 ㅠㅠ 3시간짜리 만들어줘ㅠㅠ,10
외계+인 1부,재미없다는 사람들 뭐가 재밌는걸까...,10
외계+인 1부,정말 재밌음 꼭 보세요.,10
외계+인 1부,A급 스타와 제작진이 투입된 500억 짜리 홍길동 대 터미네이터. 두 세계의 조합 말고는 캐릭터 디자인에 있어 독창적인 면이 없어 당혹스럽다. 이 시리즈의 온전한 의도를 알려면 2부를 보긴 해야 할듯. 반올림 6점.,6
외계+인 1부,재미있습니닷 보십시옷,10
미니언즈2,미니언즈 귀여운거 못참지.. 존잼 !!,10
헤어질 결심,잉크처럼 서서히 번지다가 마침내 파도처럼 휘몰아치는 감정,10
외계+인 1부,"토요일에 가족과 함께 보기로 했는데, 기대 된다~",10
미니언즈2,웃기고 귀엽고 짜릿하고 따뜻하고 미니언 하고싶은거 다해,10
외계+인 1부,관련 소재로 제작한 첫영화라 산만하고 스토리가 깔끔하지 못한 부분은 분명있어 마이너스 요소이나 첫 시도로 만들어진 외계물 액션 작품인점 그리고 액션CG에서 많은 노력이 보였고 배우들의 연기 내공으로 마이너스 많은 부분을 상쇄했다고 스스로 생각됩니다다음 작품에서는 과거와 현대의 연결고리를 잘 풀어 제작해야하고 스토리가 산만하지않도록 주인공들의 개성과 특색을 잘 살려 2편 제작하길 바라는 소망에서 10점!!,10
외계+인 1부,너무 재밌게 봤습니다~,10
외계+인 1부,괜찮네요~! 한번 볼만한듯 ~~ 2부 기대해보겠습니다,10
미니언즈2,민희언들~~~~ 너무 귀여워요 &amp;gt;_&amp;lt;,10
헤어질 결심,아무 생각 없이 잔잔한 영화를 찾아서 관람하였습니다.상영이 끝난 후 가슴이 울리고 머리가 울리네요 참 신선하고 정말 좋은 영화였습니다.꼭 봐야 할 영화 ,10
외계+인 1부,그냥 봐 너무 재밌다 즐겁게 재밌으면 된거지 ,10
외계+인 1부,어라... 이게 뭐여.... 동명이인 최동훈인가....,4
외계+인 1부,천만영화 넘기겠네요.이 영화는 대형 화면으로 봐야 합니다,10
외계+인 1부,CG짱. 올여름 최고 기대작~,10
외계+인 1부,2시간 어떻게 가는지 모를 만큼 재밌게 봤어요,10
탑건: 매버릭,"돌비, 스크린엑스, 4dx 3회 봤는데 돌비(MX관) 가 가장 좋습니다.",10
외계+인 1부,"CG가 거의 발로 만든 수준이네,, 13년전 아바타보다 발톱 수준.... 대한민국은 영원히 라이온킹 수준의 CG는 안나올듯... 이게 2022년 CG라니.... 미국 30년전 수준이네...눈만 버렸다",1
헤어질 결심,산에서 내려와 바닷마을을 거쳐 마침내 바다에 닿아 뒤늦게 깨달은 삶의 의미,10
외계+인 1부,CG 기술이 정말 대단하네요,10
외계+인 1부,알바들 ㅋㅋㅋㅋ티나노 ㅋㅋ,1
헤어질 결심,재밌따,8
헤어질 결심,마침내... 단일한...,10
외계+인 1부,조조로 재밌게 봤습니다,10
파송송 계란탁,"임창정님 나오셔서 마냥 웃긴 코미디인줄 알았는데 이렇게 잔잔한 울림이 있는 스토리일 줄이야,,꿈에도 몰랐습니다ㅜㅜ 특히 마지막 장면에서 너무 슬펐다요 ㅠㅠ",10
외계+인 1부,올여름 씹어먹을 역대급 대작!,10
외계+인 1부,외계인   최고입니다 ,10
외계+인 1부,CG...확실히 우리나라가 많이 발전했다는 것을 알 수 있었습니다. 그러나 정말 &amp;#39;그것뿐&amp;#39;. 나머지 아무것도 없어요. 미니언즈나 볼 걸 후회되네요,4
탑건: 매버릭,나의 영원한 스타 탐 크루즈. 당신의 열정과 빛나는 연기를 영원히 보고싶습니다.,10
탑건: 매버릭,루스터 부스터 마스터....피스☆,8
탑건: 매버릭,간만에 제대로 본 상업영화!!,10
외계+인 1부,뭐야 뭐야 재밌잖아!!! ㅎㅎㅎ ,10
탑건: 매버릭,영화관에서 3번이나 봤습니다…,10
탑건: 매버릭,매버릭에게 주어진 두 번째 기회와 60세의 피지컬에 대한 영화로 보았다. 영화관에서 봐야 할 영화.,9
외계+인 1부,볼거리 원툴임 두시간 후딱감,10
헤어질 결심,그냥 미친 영화. 박찬욱… 진짜 또 하나의 대작을 만드셨네요…? 진짜 이 영화 다들 왜 안 봐 ㅠㅠ… 진짜 코시국에 본 영화 중에 제일 여운 남은 영화인듯.. 오랜만에 영화 제대로 본 느낌이네요..아니 글고 탕웨이 언니 넘 이쁘잖아… 솔직히 이 영화 탕웨이 얼굴만 보고 나와도 본전 뽑은고임… 그리고 대사 ㄹㅇ 치인다 치여.. 자꾸 대사 생각남…,10
외계+인 1부,"아니 ㅋㅋㅋ 이정도 영화를 재미없다고하는 얘들은 댓글알바냐?아니면 보지도않고 그냥 별점테러하려고 1점, 4점 이렇게 주냐?ㅋㅋㅋ꼭 보세요. 후회 안합니다. 평론가들 말 믿고 안보셨다간 후회합니다.+댓글중에 명탐정 코난 봐라 개웃기네 ㅋㅋㅋㅋ딱봐도 별점테렄ㅋㅋ",10
백사2: 청사의 시련,매드맥스+반도의 짬뽕ㅋㅋㅋ,2
헤어질 결심,박찬욱식 클래식 멜로의 정점!,10
외계+인 1부,잼나요      cg최고    올 2번째  천만영화,10
외계+인 1부,최동훈 최악의 망작!,1
썸머 필름을 타고!,열정에 대한 용기 젊음의 청량함이 스크린 가득,10
헤어질 결심,감독이 박찬욱이라는것 만으로도....,10
외계+인 1부,언론시사회평 그닥이라 솔직히 기대 안했는데 같은 영화본거 맞나 싶을정도로 이해 잘 됐고 우리나라 CG기술력에 좀 놀랐습니다.주말 붐빌까봐 개봉 첫날 조조로 봤는데 보길 잘했네요.  밑에 후기 이상하게 쓰고 평점 낮게준 분들 개봉 첫날 조조로 본거 같지 않은데 왜 이상하게 후기다는지..직접 보고 후기 달았음 좋겠습니다.   2편 넘 기다려져요.,10
외계+인 1부,신나고 흥미롭고 웃기고 호쾌하다,10
너를 죽이고,이딴걸 보자고 한 너를 죽이고,1
외계+인 1부,2부가 기대되는 끝맺음 ,10
탑건: 매버릭,몇번을봐도 그 기분좋은 시간이 되살아난다.,10
외계+인 1부,너무나도 오랜만에 소름돋고 충격도 받으면서 재밌게 본 영화였습니다. 진짜 무더위가 가실정도의 재미구요 정말 많은 분들이 보셨으면 좋겠습니다.속도감 넘치는 전개에 전혀 이질적이지 않은 훌륭한 CG와 멋진 배우분들의 액션 명연기로 대단히 큰 영화가 탄생했다고 봅니다.마블 좋아하시면 다들 좋아하실 것 같구요. 유머 감각도 미쳤으니 깔깔깔 웃으시면서 행복가득하게 관람하고 오시길 바라요 ㅎㅎ,10
외계+인 1부,중구난방 너무 많은 것을 말하려다보니 관객은 혼락스럽다 못해 자리를 뜨고싶어짐,4
극장판 귀멸의 칼날: 무한열차편,재미있긴 한데 적어도 시리즈를 알아야 더 배가됨,6
외계+인 1부,"올여름 최고의 영화, 역시 믿고 보는 최동훈 감독",10
탑건: 매버릭,2022 최고의 영화  말이 필요없죠,9
외계+인 1부,"야, 이거보지 말고 토르4, 미니언즈2, 명탐정코난을 봐라. 역시 내 예상이 명중했다. 호불호가 갈릴줄 알았어.",1
외계+인 1부,최동훈이여서 가능한 시도,9
외계+인 1부,너무 재밌네요역시 제작비 400억 썼다하더니스케일이 다르네요,10
토르: 러브 앤 썬더,마블의 팬이리면...,6
외계+인 1부,영화도 한류가 멀지 않았다 !,10
외계+인 1부,범죄도시보다 2배는 더 재미있네요. 최고의 영상미,10
외계+인 1부,대작탄생한듯k마블가즈아,10
다이얼 112를 돌려라,보지는 않았지만 이만희 감독은 재평가 받아야 할 인물,6
중경삼림,왕가위의 사랑 영화는 이별이 더 아름답다.,8
외계+인 1부,단언컨데 올해 최고의 영화다,10
외계+인 1부,역시 시사회 평론은 믿을게 못됨..범죄도시2보다 훨씬 재밌게 봤음,9
외계+인 1부,우리나라 CG 기술이 이렇게나 높다니…기대되는 영화를 완성작으로 만든 기술!!우리나라도 기술력으로 인정받네요,10
뒤틀린 집,공포물은 잘 놀라게 만드면 정답인듯...잘 놀라면서 보고 옴,10
미니언즈2,귀여운 캐릭터들의 귀환,10
외계+인 1부,평론가들 뭘 얘기 한거죠? 너무 재밌는데요 ㅋ 흐름도 다 이해가고 ㅋㅋ 관객을 초등핵생으로 본거네요 시간 가는줄 모르고 봤습니다. 2부가 더 궁금하네요,10
탑건: 매버릭,"일반2D, 아이맥스, 4D 3회관람 마쳤습니다그냥 미쳤어요심장을 미칠듯하게 뛰게만드는 영화입니다도입부 오마주는 올드팬을 위한 퍼포먼스후반부 액션과 영상미는 그저 땀을 쥐고 봤습니다톰형님 감사합니다 현생 최고의 영화를 만들어주셔서",10
외계+인 1부,호불호가 갈린다고 하지만 전우치를 본 사람으로써 이영화 엄청 재밌네요!!,10
외계+인 1부,예고편이잘못햇네.. 솔직히 최동훈 감독 아니면 이 소재로 이렇게매끄럽게 몰입하게 스토리 영상 연출 하기 힘들거 같음 전우치 상위버전 ㅇㅇ,10
엘비스,엘비스의 팬들이 봤으면 최고의 영화다,8
맛있는엄마들,제목이 좀 거부감이 들지만 내용은 에로에 충실,5
미니언즈2,귀엽고 무해해 ㅋㅋ 또 봐야지 ,10
외계+인 1부,개봉하자마자 본 보람있다!  배우들 연기존잘ㅠㅠ 류준열ㅠㅠ 엄정아 조우진 진짜 넘웃기고ㅋㅋ최동훈 천재야 2부 빨리개봉하라고,10
외계+인 1부,노잼 입니다 노잼입니다,1
론 서바이버,저는 이영화보면서  실화가 너무나  실제처럼 보았습니다 연기도잘하고 얼마나 고생했는지 영화보면서 느낌으로 느꼈습니다  감사합니다 재미있게 보았습니다  완전감동입니다 ,10
헤어질 결심,"본지 2주일, 머리속에 무의식적으로 떠오르는 장면들....  요 근래 몇년동안 휘발성 강한 영화들만 봐서 그런지 새로운 느낌의 영화. Please see and listen intently",8
탑건: 매버릭,평점이 높아서 호기심에 봤는데 재밌게 잘 봤습니다. 한번 더 보고 싶네요ㅎ,10
탑건: 매버릭,미쳤어..4D로보고 2D로 다시본 인생영화,10
탑건: 매버릭,마음이 뭉클하고 감동적이라서 평점 10점 줄려고 왔어요^^ 평점 주는건 처음이네요 ㅎㅎ,10
썸머 필름을 타고!,청춘 그 자체인 영화! 영화에 대한 사랑이 넘친다~,10
탑건: 매버릭,너무재미있어요 절대 후회안합니다 액션 싫어하는 여자친구도 너무 재미있었다고 해요,10
탑건: 매버릭,평소에는 평점 안남기는데 이건 별5 줘야한다,10
외계+인 1부,전라광주518 폭동을 라이브로 보는게 훨씬 더 재미있겠다.,1
토르: 러브 앤 썬더,"마블 이제 재미가 없네요,,,,",6
외계+인 1부,시간가는줄 모르고  봤다.재미없다는 애들 뭘 바라는거냐?,10
명탐정 코난: 할로윈의 신부,진짜 명작입니다. 보는데 소름돋고 감동적이었어요코난 좋아하시면 꼭 보시는걸 추천합니다 ,10
외계+인 1부,한국 cg 가 이정도까지 올 수 있군요 ,10
외계+인 1부,폭망했다는 소문듣고 찾아왔습니다.,1
마녀(魔女) Part2. The Other One,너무재미없어서 괜히 본거같아요,1
미니언즈2,애들 데리고 재미있게 잘 보겠습니다. 나중에 모든것이 추억이 되겠지요..,10
외계+인 1부,아이언맨+어벤져스 짝퉁의 중국버전,1
외계+인 1부,9시되자마자 평점올라오는거봐서는 알바 + 팬들임 오늘밤 8시쯤 cgv에그지수 확인해보는게나음 진짜로,1
외계+인 1부,성냥팔이소녀 재림2 다시 돌아온 우뢰매,1
외계+인 1부,"최초시사로 보고왔는데  우리나라 CG 진짜 발전했구나 싶고, 최동훈 감독님 아니면 볼 수 없는 영화였지 않을까ㅋㅋ 초반에 현대와 고려가 왔다갔다해서 이게 뭐지? 싶을 수 있지만 점점 연결점을 발견하게 되면서 너무 재밌어짐!! 배우들 연기도 넘 좋고 코믹씬 진짜 웃김ㅋㅋ 이번주에 2차 갑니다",10
엘비스,털기 춤은 원조보다 압권 인듯 ㅎ ~ 사람은 인연이 중요합니다 오랜만에 엘비스와 만나니 좋았어요 대역도 훌륭합니다 ,8
외계+인 1부,코리안 스타워즈로 세계관 빵빵해지길~,10
외계+인 1부,마녀로 실망했던걸 채워주는 느낌,10
토르: 러브 앤 썬더,아직도 pc 잡탕된 마블영화 보는 흑우들이 있나요...,1
탑건: 매버릭,앞으로 이런 영화는 나오지 힘들지 않을까 생각이 드네요...탐형...ㅜㅠ,10
탑건: 매버릭,최고의 영화!! 액션 스토리 연출 모두 너무 좋습니다. 영화 두고두고 계속 보고싶네요,10
외계+인 1부,최고의 제작비 투자를 통한 제2의 성냥팔이 소녀의 재림이 부활하는 것인가,6
외계+인 1부,바보 멍청이들만보는 멍청한영화,1
토르: 러브 앤 썬더,바보 멍청이들만 보는 멍청한 영화,1
외계+인 1부,경쟁작들 알바인가 재미없다고 시사회에서 난리더만 재미있잖아.올 여름 최고의 오락영화가 될것이다,10
돈 룩 업,코미디여서 현실과 가까운 영화. 그래서 몰입할 수 있는 영화. 그런데 웃을 수는 없는 영화. 역설적인 코미디.,8
외계+인 1부,믿고 보는 최동훈 감독 한국에서 이 정도 cg와 액션이면 충분히 박수 받을 만한 작품,10
포커스,재밌는 주제였으나 몰입이 안된다 긴장감도 없음 ,4
외계+인 1부,인생은 어디까지나 겪어봐야 알듯이 영화도 보아야 안다.,10
외계+인 1부,오락성은 충분히 가진 역시 최동훈 영화,10
헤어질 결심,윤리 이전에 존재하는 감정의 발현,10
탑건: 매버릭,사실 기대를 별로 안하고봤는데 진짜 대박이였고요 내 인생에 앞으로 무슨 영화를 봐도 탑건만큼의 감동은 못 줄 것 같아요  기도면서 보고 있었는데 양옆 다 기도하면서 보고 있던게 ㄹㅈㄷ,10
외계+인 1부,외계인을 보고 오늘 점심 메뉴는‘짬뽕’으로 정했습니다 ^__^ ,6
토르: 러브 앤 썬더,진짜 마블팬이 아니면 안봐도 되지 않을까.. 하는 생각이 들었어요.,7
외계+인 1부,성냥팔이 소녀의 재림을 능가하는 초특급SF액션대작.,2
탑건: 매버릭,근 2년동안 영화보고 평점준적 없는데 모든게 완벽한 영화다 특히 마지막 작전수행할때 전투기씬은 가슴부여잡고 봄 ㅋㅋ,10
외계+인 1부,"이제 마블을 뛰어넘는 ‘K-히어로무비’도 나오네~ 참, 나,~ 우리나라, 못하는 게 모니? 정말 세계적이다~! 우리나라 감독, 배우, 영화스텝들도 이젠 다 세계 최고인 것 같아서 뿌듯합니다. 천만은 폴짝(가볍게) 넘을듯^^",9
탑건: 매버릭,마하 10까지 속도를 올리는 말도 안되는 설정 빼고는 Good,8
외계+인 1부,중구난방 뒤죽 박죽 어려워요,4
탑건: 매버릭,제발 토르내리고 매버릭으로..,10
외계+인 1부,ㅋㅋㅋ알바들 역겹네 영화 개봉하기도 전에 10점넣고 소설을 쓰고있네 생각 좀 하고 적어라,10
버닝,이걸 이창동이 아니라 다른 감독이 만들었다면.... 평론가들이 과연 후한 점수를 줬을까?ㅋㅋㅋ,1
마녀(魔女) Part2. The Other One,왜 평이 낮죠 ㅠㅠㅠ 전 너무 재밌었는데 꼭 3 시리즈 나왔으면 좋겠어요 더 보고 싶어요!!!,10
헤어질 결심,예고편보고 안보기를 결심하신분들...꼭보러가세요! 후회합니다!,10
탑건: 매버릭,최근본영화중에 최고였습니다 두번봤는데 또 보고 싶네요,10
외계+인 1부,누가 재미 없다고 그랬어?,10
탑건: 매버릭,"영화를 만들려면 이렇게 만들자...진심 인생영화, 36년을 관통하는 감동과 액션...마지막엔 눈물이남 ㅜㅜ",10
마녀(魔女) Part2. The Other One,2는 좀 심했다.3는 기대할께요!!,2
헤어질 결심,오랜만에 진짜 사랑 영화를 본 느낌 ,10
외계+인 1부,"CG,액션씬은 여태 나온 한국영화중에서 단연 최고라고 할수있겠네요. 2부가 너무 기대됩니다.",10
외계+인 1부,우리나라에서 이정도 cg에 이정도 도전이면 박수를 쳐주고 싶긴 합니다 한국영화 역사상 cg가 가장 어색하지 않아서 보기엔 괜찮아요 생각보다 유치하진 않고 흥미진진 하긴한데 너무 많은걸 보여줄려고 햇는지 좀 어수선 합니다 그래도 이런 도전에 박수를 쳐주고 싶긴 합니다 적어도 마녀 2보단 나아요^^...,10
외계+인 1부,이런 시도도 있어야 한국 영화가 발전하는 법,8
외계+인 1부,은근 좋아서 당황했습니다,10
자산어보,배움의 철학을 실타래처럼 촘촘히 엮었다. &amp;#34;선생님에게 자산어보란 무엇입니까?&amp;#34; &amp;#34;너는 출세가 하고 싶은게냐?&amp;#34;,10
외계+인 1부,마블 뛰어 넘네 GC대박,10
외계+인 1부,안티(나쁜심보를가진자) 방지용. 직접보고 판단하세요. 굿,10
감동주의보,소재가 신선하고 감동적인영화 추천합니다,10
범죄도시2,????????????????,1
마녀(魔女) Part2. The Other One,평론가들의 악평이 대부분이지만 각 개인마다 만족하는 부분이 다르기도 하고 특히 마녀시리즈에 대하여 기대하는 모습은 충분히 보여줬다고 생각합니다 ,9
외계+인 1부,알바방지용^^,1
마녀(魔女) Part2. The Other One,아.... CG 어쩔 주성치 소림축구급 CG임;; 박은빈에 서은수에 진구에 좋은 배우들 데려다 왜이럼 그리고 욕으로 시작해서 욕으로 끝남쓸데없는 욕이 너무 많이 나와서 불편 ,1
탑건: 매버릭,봐야하나 말아야하나 생각하지마 ,10
탑건: 매버릭,톰크루즈는 정말 감동적이다..아직도 최고의 영화배우다.. 대체 언제까지 계속 멋있을건지...,10
그레이 맨,"죄와 벌의 속박 속에, 프리액션 흉터투성이",7
뒤틀린 집,소설 좋아해서 영화 봤는데 소설이 훨 낫다,10
탑건: 매버릭,평점 안남기는데  더 올라 갔으면 해서 남긴다,10
거인,채시라 ㅈㄴ 이쁘디,1
토르: 러브 앤 썬더,재미없어여.. 예전보다,4
엘비스,재밌게봤어요 영화끝나고 나와서 엘비스노래 찾아들었어요,8
토르: 러브 앤 썬더,박수소리 꺼지기 전에 토르도 보내주자.,4
보헤미안 랩소디,"&amp;lt;로켓맨&amp;gt;이 개인 성장에 중점을 뒀다면 &amp;lt;보헤미안 랩소디&amp;gt;는 천재의 주체할 수 없는 광기를 보여준다. 천재가 보통 사람들 사회에서 얼마나 부적응자가 될 수 있는지, 그의 그 끝갈데없는 천재성을 세상이 어떻게 감당 못하는지를. &amp;lt;로켓맨&amp;gt;은 배우의 한계를 생각지 않고 너무 많은 걸 보여주려 했다면 &amp;lt;보헤미안 랩소디&amp;gt;는 영리하게도 배우의 퍼포먼스를 제한적으로 보여주고 맨 마지막에 진짜 실황을 보여준다. 다 재밌었지만 &amp;lt;보헤미안..&amp;gt;이 더 나았다, 개인적으론. 퀸의 노래가 더 대중성이 있다는 것도 크게 한 몫.",9
마녀(魔女) Part2. The Other One,"마녀1에서 잔뜩 고취된 기대감을 많이 낮춰준 것은 3편을 고려한 큰 그림인가?  그리고 이제 솔직해지자, 조민수는 몰입을 방해하는 최악의 미스캐스팅이다. 어색한 대사와 표정, 극장식 연기자들을 90년대까지는 연기파라고 했지만 지금은 그냥  연기 못한다고 한다. 감독님, 욕심은 알겠는데 본인은 액션신을 잘 찍으니 거기 집중하시는게 나을것 같습니다. 본인이 종종 주변 사람들한테 웃기다고 생각하는 말 던졌는데 분위기 싸해지지 않나 곰곰히 생각해 보시고, 어색한 멜로와 개그 연출은 자제하시기 바랍니다.",6
마더,이런 작품 내주셔서 감사한 마음이에요 !,10
브로커,고레에다 감독 영화는 한국 대중영화에 스며들긴 어려울듯. 배우들의 연기만 남은 영화. 특히 송강호배우는 절묘했다. 곱씹을수록 좋은 영화 ,8
탑건: 매버릭,최고다 진짜 1편보고 보면 더 감동적,10
디파티드,와~~우연찮게 이제 봤는데 개 쩜,10
그레이 맨,"근거 없는 화려함, 각본의 중요성",5
토르: 러브 앤 썬더,일단 저는 평점이 너무 낮아서 기대를 너무 안하고 가서그런지 재밌게 봤어요!!,10
토르: 러브 앤 썬더,마블Phase 4는 한번에 많은 스토리를 풀어내면서 캐릭터만의 진중함이 부족해진듯.이제 믿고 거르는 마블이 된듯...,2
소리도 없이,마지막이 좀 아쉬움이 남는다,8
토르: 러브 앤 썬더,난 괜찮은데 왜 재미없다고 할까...,10
토르: 러브 앤 썬더,김현우가 재미가 없다네요,1
헤어질 결심,무슨 감성인지는 알겠는데 공감이 안 됨  찝찝하고 난해하기만 함 ,6
탑건: 매버릭,후반부 톰컷보고 가슴이 웅장해졌다,10
헤어질 결심,화면에 담기는 모든 것이 미쳤다 영상미b,9
탑건: 매버릭,완전 재미있고 가슴 뭉클함,10
탑건: 매버릭,탐크루즈 미쳤음…이건 꼭 영화관에서 봐야함 강추,10
메모리,흥미로운스타일과이야기!,7
토르: 러브 앤 썬더,다 보고 나서 &amp;#39;이게 뭐지...?&amp;#39; 생각만...,5
토르: 러브 앤 썬더,마블팬들만 좋아하는 이유가 있음,2
헤어질 결심,"티비 영화 소개 프로와는 거리가 멀어요.그 것 때문에 기대를 안했는데, 놀랄 정도로 잘 봤습니다.사랑에 빠졌을 때 우리가 하는 실소 자아내는 말도 안되는 행동들과 사랑이 빠졌을 때 마음의 격량에 감정이입 돼 가슴이 터질 것 같았어요~",10
더 킬러: 죽어도 되는 아이,그래! 영화는 이래야지. 오랫만에 마주 하는 제대로 된 울나라 액션영화!,10
탑건: 매버릭,옛날 향수를 불러일으키는 것과 동시에 내가 마치 전투기에 탄 거 같은 실감나는 씬들. 거기에 눈물나는 감동까지.. 최고의 영화다. 톰 크루즈를 숭배하게 된다. ,10
명탐정 코난: 할로윈의 신부,굳 최근들어 가장 재밌는 극장판,10
돈 룩 업,매력적인 결말 매력적인 영화,10
더 킬러: 죽어도 되는 아이,와...진짜 액션 개멋있드라.... 아 다만...서사가 너무 없어서 좀 아쉬웠음...마지막에 믱? 싶음근데 액션이 다 해서 할 말이 없음...ㅎ,10
그레이 맨,끝없는 액션의 향연이 라고 라고라고 최고라고꼭 영화관에서 봐야됨 ,10
해피 투게더,"아, 이게 영화네..ㅋㅋ",10
체실 비치에서,어톤먼트에 이은 수작.소설도 읽어보고 영화는 6번 넘게 봤다.소설의 깊이를 잘 담아낸 멋진 수작이다.지금 생각해보면 플로렌스도 너무 많은 상상의 생각들을 그대로 전해 상대방을 오해하게 했고 에드워드는 너무 순진한 나머지 그것을 또 온전히 그대로 받아들이며 행복한 미래를 보는것을 스스로 눈 감아 버렸다.너무 아픈 사랑이다..,10
명탐정 코난: 할로윈의 신부,완벽에 가까웠다 자막봤으니 더빙도 볼예정,10
범죄도시2,매콤한맛아이좋아 밥도둑이야 한그릇만 더줘요~~~~,10
더 킬러: 죽어도 되는 아이,"....,,.,.,.,.,.",2
탑건: 매버릭,걍 지림 ㅋㅋ 보신분들은 다 공감함 ㅋ,10
탑건: 매버릭,끝나고 강렬한 여운때문에 일어나지 못했다... ,10
세인트,발킬머 인생띵작 한 열번은 본듯함,10
경아의 딸,자극성에 함몰되지 않고 꿋꿋하게 걸어간다.,6
소유와 무소유,이국적인 분위기 속에서도 이국적인 두 배우의 매력은 한 층 돋보인다. 그 가운데 감초 캐릭터 에디의 죽은 벌 이야기는 이상하게 흥미진진했다.,8
마녀(魔女) Part2. The Other One,무슨 인물들을 그렇게 많이 넣어가지고..  헷갈리게.. 난잡함,5
탑건: 매버릭,세계 영화계의 탑건 탐 크루즈,10
로켓맨,"음악광은 아니지만 음악 좋아하고 퍼포먼서 사랑해서 음악 영화는 좀 보게 되는듯. 남주인공이 연기를 잘한 건 알겠는데 미스캐스팅 느낌이다. 김종국이 뮤지컬하는 줄;; 예뚱의 좋은 예, 엘튼 존, 히치콕, 잭 블랙.",8
싸이보그 그녀,터미네이터 + 엽기적인그녀 + 동감. 곽재용만이 할 수 있는 영화!,8
부에노스 아이레스 제로 디그리,왕가위의 영화 현장을 담는다는 것. 어떤 감독은 영화를 찍으면서 배워간다.,7
마녀(魔女) Part2. The Other One,여자 주인공 진짜 매력없다..이영화 늑대소년 여자판 같은 느낌도 들고..말이 주연이지..조연보다도 못한 임팩트다진짜..실제 비중도 적다..cg액션연출 죄다 미달이고 매끄럽지 못하고 부족하다..또이럴거면 3편은 안나오는게 나을듯.. 신세계는 진짜 어떻게 그런 영화가 나왔는지 용할정도..,2
마녀(魔女) Part2. The Other One,보다가 잠듬   1편보다 못하고 내용도 별루,4
탑건: 매버릭,팬심 좀 담아서 10점이요 이런 영화 보라고 극장이 있는 거쥬,10
더 킬러: 죽어도 되는 아이,"제가 웬만해선 이런말 안합니다.태어나서 이렇게 재밌는 한국 영화왜 이제야 나타났는지 ㅜㅜ 범죄도시 뛰어 넘습니다.감동 그자체 입니다.몰입감 최고, 연기력 최고, 스토리 최고최고의 작품!그리고 뒤에 나올 반전은여러분이 기대하셔도 좋습니다.꼭! 봐야하는 올해의 최고 영화전 또다시 예매했습니다.",10
헤어질 결심,우아하고 고혹적인 영화마지막 장면의 여운이 오래 남는다,10
마녀(魔女) Part2. The Other One,1편은 서사가 있고 당위가 있었는데 2편은 스토리가 작위적이라 아쉬웠음. 3편도 예고하는데 결국 서사없는 액션만 있을거 같아 큰 기대는 없게 만듦. 글고 너무 어두움. 화려한 액션을 보여주고 싶은데 그에 걸맞는 연출이나 기술실력(?)은 모자라서 화면을 어둡게 처리했나.. 1편 후속에 대한 기대가 커서인지 실망도 많음,7
탑건: 매버릭,처음으로 평점 남겨봅니다. 진짜 미쳤습니다.,10
독일 영년,차라리 이 모든 것이 악마의 소행이었으면 좋겠다고 생각했다. 페허 속을 걸어가는 아이의 발걸음을 그저 바라보면서 연민이란 것이 참으로 사치스럽게 느껴진다.,9
모비우스,머지??  평에 비해 재미만 있던데요??,10
탑건: 매버릭,올해 본 최고의 영화였습니다,10
코다,너무 감동적인 영화다..펑펑 울었다..많은 사람들이 꼭 보길 바란다..,10
카사블랑카,실로 마법에 걸린 것같다. 이 영화를 처음 봤을 땐 험프리 보가트와 잉그리드 버그만은 영화에 나오는 누구보다 카사블랑카와 한 몸인 것 같은 배우라 생각되지만 횟수가 거듭될수록 두 배우는 카사블랑카와 섞일 수 없는 옥에티임을 알게된다.,9
모비우스,재미있는것 같기도 하고 아닌것 같기도 하고빌런이 영화 마스크 빌런이랑 닮았는데 하필 이름도 마일로ㅋ 영화 마스크 짐케리 강아지 이름이 마일로ㅋㅋ,7
박하사탕,나이가 들수록 공감이 깊어지고 슬프게 다가오는 영화. 사건만 다를 뿐 20년이 지난 지금의 한국 사회에도 통용 될수 있는 메세지. 순수한 인간이 어떻게 인간성을 상실하고 끝내 버티지 못할 만큼 몰고 가는지 잘 보여주고 있다.,10
타이타닉,22년인 지금봐도 말이 안되는 영화,10
주(咒),별로 안 무섭다..  시골에 늘상 있는 모습,5
마녀(魔女) Part2. The Other One,1편 보다는 못 하다는 평이 많은데... 그런 거 같음. 그래도 1편 느낌을 많이 가져 왔고 3편을 위한 빌드업의 성격이 강하다는 걸 생각하면 평점이 그래도 8점대는 나와야 되는데... 6.96나와서ㅡ 평균 올라가라는 의미에서 10점 준거임. 간간히 나온 자윤(김다미) 반가웠고. . . 그런데 2편에 추가 되어 나온 자윤은 자윤이라기 보다 느낌이 이태원 클라쓰의 조이서 느낌 . . . 하여튼 결론은 큰 기대 없이 보면 볼만하고... 3편을 위한 빌드업이라 생각 하시면 됩니다. 3편엔 자윤이 나오나? 안 나오나? 에서 일단 반 이상은 갈린다 봅니다. ,10
이퀼리브리엄,흑백 영화로 나와도 될만큼 감정연기 죽인다,9
브로커,엄청 너무 재미없었어요,2
이상한 나라의 수학자,예측되는 결말일지라도 감동을 주는 영화수학공식들이 영상과 어우러지는 장면도 좋고 ost도 좋았어요,8
토르: 러브 앤 썬더,그냥 12세 아이들하고 보기 좋은 영화,6
캐시트럭,가이리치 스타뎀 조합 언제나 굿 근데 이제 조쉬하트넷은 주연급은 아니네 .. 조연이 잘 어울림 ..,6
탑건: 매버릭,이런게 영화지 ~~근데 영화관 왜케 올랐냐 티비를 큰걸사고 헤드셋을 사야겠다,10
탑건: 매버릭,영화관에서 보길 잘했다 싶어요.. 극장 강추,10
헤어질 결심,"영화를 보고 집에 와 문득 샤워를 하다, 문득 빨래를 널다, 안쓰러운 서래가 밀려왔다. 그렇게 밀려들어 나도 잠겨들었다. 마침내.",10
야차,영화감독을 꿈꾸는 부잣집아들이 아빠 졸라서 연예인 섭외해서 찍은 ‘영상’ 같아요. 제발 2편은 찍지 말아주세요 ,4
마녀(魔女) Part2. The Other One,기대 안했는데 생각보다 괜찮았음,10
마녀(魔女) Part2. The Other One,초반이 너무지루함  뒷부분은 볼만함,8
지구 최후의 밤,"비간은 중국판 홍상수인가? 기억의 파편들과 시간의 혼선을 헝클어 뜨려라. 디지털세상이 빚은 최고 장점, 바로 필름 한 롤을 넘어서는 롱테이크! 전작인 카일리 블루스가 날 것이라면 이번 작품은 정교하게 세공된 기술과 자본주의의 맛이다. 카일리 블루스를 봤다면 이번에도 또 이거 하겠구나! 싶은 기대감이 들었을 것이다. 그런데 전작의 맛이 더 좋게 느껴지는 것은 아쉬움일까?",7
더 킬러: 죽어도 되는 아이,상영관 좀 늘려주십쇼~~!!,10
마녀(魔女) Part2. The Other One,나름 재미있는데 유치하지만 그게 오히려 신선하게 느껴졌음  힘쌔지고 이런게 유치한데 그걸 잘 살렸다봐야하나.. 무튼 가볍게 보기 좋았고 액션씬 1만큼 괜찮았음..!3편 기대됩니다.,8
탑건: 매버릭,정말 최고의 영화입니다,10
마녀(魔女) Part2. The Other One,이상하게 여운이 남아 3번 봤습니다^^,10
범죄도시2,있었던 사건이라 더 몰입해서 봤네요 마동석 액션신은 역시나입니다 ,10
헤어질 결심,"두명만 주로 나오는데 런닝타임이 너무 길고, 배우들의 연기도 자연스럽지 않고 겉도는 느낌. 그나마 너무 쥐어짠듯하지만 스토리가 나은 정도",6
탑건: 매버릭,올해 인생영화 입니다 지인들에게 보라고 보라고 홍보해도 될정도로 재밌게 봤어요 ㅎㅎ,10
언더 더 스킨,"불친절한 영화, 원작과는 다른 묘미가 있다",10
엘비스,제발 영화관에서 봤으면...,10
탑건: 매버릭,그냥 최고의배우 최고의영화..,10
화성 침공,피어스브로스넌 존나 잘생겼네 브레드피트 레오 다 쳐바르는 수준 ㅋ나의 레밍턴스틸팀 버튼감독 영화에 평점 운운하는거 송구스러움바이런 살려주셔서 감사합니당!!,8
석양의 무법자,나 이거 예전엔 미국영화인줄 알았는데 알고보니 이탈리아 영화ㅋㅋ 촬영지도 스페인이래서 놀랬던 기억이. 그러나 서부영화하면 무법자 시리즈가 갑임,10
헤어질 결심,진짜 보는 내내 울었다 ㄹㅇ너무 슬퍼,10
마녀(魔女) Part2. The Other One,이걸 재밌다라고 생각 할수있는게 대단하다 살다살다 이런 와~~할말이 없다 진짜 별 5개주는 사람 내 장담하는데 알바다 아니면  어디 정신 이상한사람 제발 제발 내말믿어라 내 30년인생 첨으로 여기에 글적는다 내인생 최고의 재미없는 영화라고  1초의 망설임도없이 말할수있다 ,2
헤어질 결심,잔잔하면서 지루하지않는  헤어질결심에 푹 빠져 감성제대로 울리고왓어요~,10
탑건: 매버릭,이번 주에 아이맥스로 한번 더 볼겁니다.정말 최고....!!!,10
탑건: 매버릭,탑건 시리즈를 처음 보는데 이 정도 긴장감에 박진감이라니! 너무 좋았어여!,10
극장판 주술회전 0,진짜 재밌게 봤다. 꿀잼,10
경관의 피,초중반까지는 이게 뭐지? 하면서 봤는데 다 보고나서 생각해보면 진짜 잘 만든 영화 충분히 오락물로 만들수 있는 스토리지만 복잡미묘하게 감정신을 많이 넣은게 신의 한수 같음,8
탑건: 매버릭,그냥 최고..탑건 1 요약본이라도 영상을 보고 가는걸 추천드립니다. 아이맥스관이 다 토르로 변경된게 너무 아쉽네요.. 2번 3번봐도 또 보고싶은 영화입니다.,10
박쥐,왜 당시에 제 평가를 받지 못했냐고? 남주가 송강호라 장르가 불분명해짐. 갓반인들은 자꾸 로맨스가 있다는걸 인식을 못함ㅋㅋㅋ 차라리 신하균이랑 송강호랑 역이 바뀌었다면 평론가와 영화매니아 따리가 아닌 온 대중에게 두고두고 언급될 명작으로 훨씬 올려쳐졌을것. 제발 송강호는 이시대 아버지상만 하고 감독도 남적남을 멈추세요.그래봤자 제작품 깎아먹기~,5
아수라,"서사만 놓고 봐도 진부하지만, 틈만 나면 클로즈업을 남발하는 연출도 구식이고 캐릭터들 마저 놀라울 정도로 일차원적이다. 전반적으로 난잡하기보단 단순무식하다고 느껴지는 졸작이다.",4
혼자 사는 사람들,저와 비슷한게 많아서 엄청 몰입해서 봤어요,8
탑건: 매버릭,전형적인 아메리칸 헐리웃 영화,8
RRR: 라이즈 로어 리볼트,괜히 발리우드란 말이 나온게 아닌듯 새벽에 잠도 안자고 봤네요,10
헤어질 결심,"마침내, 붕괴된 해준의 모든것에서 서래와 함께하길 영화를 보는 내내 계속해서 바랬다. ",10
레지던트 이블: 라쿤시티,조금 이쉽지만 게임원작 잘살려놓아서 느낌은좋았습니다.다만 연출부분에서 저예산이좀 아쉽고 쿠키영상에 떡밥이 좀 허무하더군요 그래도 게임원작 달살려서 볼만했네요,8
용루각: 비정도시,ㅋㅋ거의다 모르는 사람인데 넷플에 추천영화 떳길래 봤음ㅋㅋ   영화본..내 시간..누가 보상해줄껍니까?,1
강철비2: 정상회담,쓰레기 영화 연출 각본 말할것도없고 정우성의 이상한 컨셉의 대통령 톤과 평소 정치적 성향이 여실히드러난 영화 이병헌 영화는 극장가서 돈주고 보지만정우성 영화는 극장가서 돈주고 안보는 이유마치 옛날 유령 보는거 같았음 어찌 연기가 아직도어설프냐 톰크루즈 탑건 메버릭처럼 뻔한 스토리지만 연기좀 안되나 ,1
토이 스토리 4,pc로 떡칠하지만 않았어도 별 5개였음,8
탑건: 매버릭,올해 본것중 제일 좋았어요. ,10
탑건: 매버릭,1000만 찍었으면 좋겠다,10
큐어,한땀한땀 장인의 쇼트,9
킬링 카인드: 킬러의 수제자,아무리 그래도 키튼하고 매기가 떡신 찍는건 아니지 않냐?,1
헤어질 결심,그 광활한 바다에 우리 모두를 두고 떠난,10
탑건: 매버릭,모든게 완벽. 인생영화입니다ㅠ 꼭보세요.. 가능하면 무조건 4d로! ,10
범죄도시2,오랜만에 재밌는영화 봤네요,10
레디 플레이어 원,참신하고재미있었던영화오랜만의동심으로돌아간영화,10
19곰 테드 2,테드와 배우들 보는 건 좋았는데 내용이 무겁고 좀 병맛인데?,7
킬링 카인드: 킬러의 수제자,아 시간아까워 더낮아져라,1
길버트 그레이프,미국에도 이런 훌륭한 가족 영화가 있었다는걸 이제야 알게되다니... 디카프리오는 어릴때도 연기를 참 잘했네요. 잭선장으로만 알았던 조니뎁의 순수한 모습도 보기 좋았어요,10
명탐정 코난: 할로윈의 신부,간만에 극장판 다운 극장판 이였다.,10
마녀(魔女) Part2. The Other One,"솔직히 보지 않앗지만...1편에 내용이 계속이어져야 하는데...또 어차피 똑같은내용...너무 실망스러워 ...마녀1을 봣던 팬인데...마녀2를 너무 기다리다, 김다미의 속편이 아니고  또다른 괴물 ..하면...영화내용 안봐도 다 아는거잔여 ..안봐도 그 괴물 잡으러 ..아후 ..감독이 생각잇는겨? ",2
마녀(魔女) Part2. The Other One,"part1과 다를 바 없이 틀이 같음. (탈출하고, 죽다 살아나서 은신하고, 찾아와서 싸우고 죽이고, 다시 만남을 기약하는..) part1은 일본산 part2 는 중국산.  CG에 눈이 즐거울뿐 남는게 없는...진구 배우의 연기만 좋았지 나머진 연출, 연기, 스토리. 죄다 유치함.",4
강릉,장혁은 ㅋ 진짜 ㅋ이런 장르 하지마라,1
범죄도시2,킬링타임 정도용이지 1200만갈만큼의 퀄은 아님 코로나로 영화관을 못가니 사람들 눈이 낮아진건지 국뽕인지 진부한 스토리 빼다박고 전부 예측가능 웃음포인트도 여전함 걍 VOD로 나오다 보길 잘했네 ㅋ,1
마녀(魔女) Part2. The Other One,"주변에서 별로라고 했었음하지만 혹시나하고 iptv로 결제해서 봤지만 역시나 ..지인들 말이 맞았음일단 중간에 졸았음윗댓처럼 중국 무협영화+좀비물cg도 짱깨스럽고 중국투자 받은건가 의심 들 정도막판에 김다미 임팩트 안나왔으면 3류영화 수준마녀2나 영화 일진이나 비슷함 그정도로 폐급임5점 준 사람들은 1편을 안본건지 아니면 댓글알바인건지 의심됨이거 집에서 결제해서 보실려고 하시는 분들 차라리 마블영화 재탕하십쇼그게 정신적, 경제적 이득입니다.",1
명탐정 코난: 할로윈의 신부,개인적으로 코난 극장판 중 베이커가의 망령이 최고였는데 그 첫 감동이 비견될만큼 아주 재밌었다 !,10
마녀(魔女) Part2. The Other One,한마디로 시나리오 엉망 반전도 없고 액션도 별로고,2
탑건: 매버릭,평점 처음 써봐요.. 너무 재밌습니다,10
나이트 크롤러,"이게 방송이고, 세상이다.",10
악의 연대기,이태원클라스 부자의 연기 맛보기,8
더 킬러: 죽어도 되는 아이,남녀노소를 가리지 않고 오직 동맥만 파고드는 진정한 남녀평등 실천가 전생추노♡,10
헤어질 결심,진짜 올해의영화 최고다,10
마녀(魔女) Part2. The Other One,연출이 기가맥히십니다.2022년 cg가 맞나싶을정도로 화산고를 보는 줄 알았네요..스토리도 진부하고 개연성이 1도 없고주인공과 남매의 관계도 개연성이 없어 집중이 하나도 안됩니다. 진구는 개그맨인가요?상해토우분들은 화산고 김수로인가요?정말 이해가 하나도 안갑니다 스토리가 산으로 너무갔네요 .진짜로 1000자 채우고 싶을만큼 글을 남기고 싶지만 너무 졸려서 잡니다.마녀3 기대 할게요. ,1
10년,일본영화 특유의 감성이 녹아있으면서 여러가지 사회문제?에 대한 이야기들을 볼수 있어 좋았어요. 자극적이지 않고 잔잔한 영화 좋아하시는분들께 추천드려요.,10
토르: 러브 앤 썬더,"많은 혹평에 기대를 어느정도 내려놓고 가서인지뭐냐,, 나만 ㅈㄴ 웃기고 잼있게 봤나? 내내 끅끅대며 봄~ 웃음 포인트 뿐 아니라 가슴 찡한 포인트가 있다. 크리스찬 베일과 나탈리 포트만은 신스틸러.. 내 최애밴드 건즈 앤 로지스 노래가 많이 나와 보는 내내 너무 너무 짜릿하고 행복했음!! ",8
탑건: 매버릭,탑건은 낭만이다 4d추천,10
핸썸,음... 하.. 2000년도 초반 영화중에도 현재 이것보다 뒤쳐지 영화는 드물듯 하네요~ 배우님들 모두가 감독 우정출연 해주신듯~ ,2
토르: 러브 앤 썬더,PC에만 집중하느라 영상미뺴곤 다 놓친 망작,4
탑건: 매버릭,인생영화다 진짜.. 아직 500만인게 이해가 안간다 2천만은 찍어야되는데,10
탑건: 매버릭,굳굳굳영화리뷰처음달아봄,10
토르: 러브 앤 썬더, 궂이 돈내면서까지 영화관에서 봐야하나? 하는 생각이든다..,2
주(咒),네이버 평점 왜이래 공포영화가 무서워서 볼줄 모르면 보지를 마세요 랑종보다 백만배는 잘만든 영화임공포영화인데 굉장히 깔끔한 연출과 영상미하지만 곡성의 그 찝찝함과 기괴함이 범벅이 되어있음,10
엘비스,"2030은 잘 모를 수도 있는 엘비스. 사느라 바빠 잊고 살던 엘비스와 그의 노래는 인생을 다시 생각해 보게 하는 계기를 만들어 주었다. 어렸을 때부터 100번, 200번도 더 들으면서 컸던 그 노래들이 지금 다시 들어도 왜 좋은지, 심지어 들을 때마다 감동인지는 영화를 보고 그의 음반을 들으면 알 일. 나는 그를 20C 최고의 대중예술가라 칭하고 싶다.",10
헤어질 결심,간만에 잘만든 그리고 정말 깊은 여운이 남는 특이한 멜로,10
원스 어폰 어 타임 인 아메리카,아역 제니퍼 코넬리는 천사 그 자체다... 4시간을 봐도 전혀 지루하지 않은 영화,9
탑건: 매버릭,행맨 행맨 그 잡채.. 톰크루즈는 미쳤다,10
레지던트 이블: 라쿤시티,뭐같이 재미는 드럽게 없네... 차라리 게임으로하는게 낫지스토리나 연출이나 캐릭터들수준이나...차라리 유튭에서 게임 스토리 정리보는게 더 재밌겠다,1
인랑,"정우성이 친철하게 상황을 조목조목 집어주는 나레이션역, 중2병 발작하는 강동원과 김무열, 혼자 화보찍는 한효주, 캐릭터 역할을 유일하게 해낸 이는 이민호뿐.. ㅋㅋ",5
헤어질 결심,"출산후 남편과 3년 만에 본 첫 스크린 영화. 영화보는 내내 대사가 차곡차곡 가슴을 두드리더니 파도와 함께 가슴을 묵직하게 잠식시켰다. 영화 제목이 매우 적절했고 송곳같이 후벼팠다. 갈바를 잃은 생기없는 시절이 떠올랐고, 헤어질 결심을 했던 그 사람의 그 처절한 순간이 가장 불쌍했다. 영화는 침묵하는 방법으로 더욱 공감하도록 이끌었다. 영화가 끝났는데도 남편과 나는 그 묵직한 감동을 섣불리 깨지않았다. 엔딩 첫곡이 다 끝난 후에야 서로를 바라보았다. 솔직히 난 기립박수를 하고 싶었다. 그 정도 깜냥은 없기에 가만히 있기로. 남편은 앞으로 봉준호와 박찬호는 무조건 보는걸로. 라는 말을, 나는 이 영화가 왜 흥행에 실패했지? 라는 말이 첫 후기였다.다만 흠이 있다면박찬욱 감독의 여캐는 진부하다는 것. 보통 남성의 착취의 대상으로 그려진다는게 흠두번째 흠은이건 보통 영화가 가진 취약점이긴한데 사랑에 빠지기까지의 개연성이 떨어진다는 것이다. 짧은 시간안에 둘의 사랑을 설명하기가 급급한게 사실.사랑하는 사람에게 처절한 거절을 겪어본 사람은 한동안 헤어나오기 힘들것 같다.",10
엘비스,홍보가 너무 안됐나보다.. 일주일만에 내릴 영화가 아닌데 벌써부터 상영관 사라지거나 줄이는 영화관들이 많이 보여서 속상하다159분이라는 러닝타임이 체감 안될 정도로 몰입해서 봤다더 사라지기 전에 n차관람 예정,10
헤어질 결심,세상 그 어떤 것보다 소중한.. 내 안의 사랑을 안고서.. 마침내 헤어질 결심.. 여운이 깊이 남는.. 액션 통쾌 반전 스릴 따위는 버리고 봐야 할 영화.. 나 홀로 걸어가는 안개만이 자욱한 이 거리.. 그 언젠가 다정했던 그대의 그림자 하나... 생각하면 무엇 하나 지나간 추억... 그래도 애타게 그리는 마음... ,10
박하사탕,순수가 더럽혀질 때 우리는 세상에 대한 믿음을 잃는다,9
인터스텔라,몇년 지나고 다시보니 안보이던것들이 보이면서 다시한번 소름이 돋았다,10
한반도,와... 22년에 06년도 감성. 스토리에 감동을 느끼네...1. 스케일 대박2. 종합선물세트같은 출연자(1명 빼고)3.특수효과가 안꿀림.,10
마녀(魔女) Part2. The Other One,"사람들이 별루라고 하기에 얼마나 별로인가 봤더니잘만들었는데? 다른 일상적인 부분들은 관심없고, 액션신은 괜찮았음. 이런영화는 액션신 볼려고 보는거지 다른건 신경안씀. 스토리까지 완벽한 영화는 1년에 1편 나올까 말까임.",8
탑건: 매버릭,말이 필요없는 영화 그냥 보세요,10
마녀(魔女) Part2. The Other One,일단 토우에 나오는 남자가 너무 잘생겼고 액션 미침,10
탑건: 매버릭,개노잼 전투기 뿅뿅 영화,1
쌍화점,조인성. 송지효 둘이 얼마나 좋을까….. 재미있슴,10
탑건: 매버릭,35년만에 영화를 마무리하는게 말이되나그것도 이렇게? 그냥 말도 안되는 영화임인생영화 하나 생겼네요,10
마녀(魔女) Part2. The Other One,1이 넘사라 기대에는 못 미치네요. 꽁트 느낌이 좀 났어요. 일부러 가볍게 만든 것도 같은데 진지했으면 좋았을 것 같네요. 그래도 액션씬은 장난 아니더라구요. 1이 사실 액션도 현실적인 초인 느낌이라 더 좋았지만 2는 스케일이 커지고 화려해서 좋았던 것 같아요. 그런데 초인애들 뭔가 목숨에 대한 가치관이 오락가락 하는 것 같아요. 대장 여자애가 죽일까봐 쫄았다는 건 죽고 싶지 않다는 건데 싸울 때는 죽어도 상관없는 것처럼 무지성으로 들이대다 쉽게 죽고 이거 포함해서 전체적으로 인물들 감정선이 좀 공감이 안 되는 부분이 있어요. 1의 초인애들은 목숨에 대한 미련이 없어 보였고 그래서 싸우다 죽는걸 택한 느낌이었는데 말이죠. 그럼에도 불구하고 여전히 후속편이 기대됩니다. 다음 편은 몬가 좀 진지했으면 좋겠네요.,8
마녀(魔女) Part2. The Other One,"마녀 vs 저스트스리그, 마블 다 붙어도 마녀가 이길듯",2
007 노 타임 투 다이,자신의 인생은 없고국가를 위해 헌신했던최고의 정보원 더블오 세븐...잘가요 다니엘 형님..ㅠ,10
언페이스풀,"오래간만에 감독의 연출이 너무나도 훌륭한 영화를 봤다.. 세세한 소품 같은 디테일, 장면마다 알맞게 나오는 주인공 및 주변 인물 대사까지. 재밌고 자극적인 스토리 전달에만 주로 집중하는 요새 영화에서는 찾아보기 힘든 연출이다. 처음 코니 섬너가 폴을 만난 날 바람 때문에 종이가 마구 휘날리던 장면으로 시작된 둘의 관계. 하지만 결국 폴이 바람에 휘날리는 쓰레기들이 사방에 있는 소각장에 버려지는 장면으로 자연스레 이어지는 연출, 이후 에드 섬너가 지하철을 타고 속으로 괴로워하고 있는 그 심정을 벽에 일그러지게 비친 에드의 얼굴로 표현, 택시를 타고 갔더라면의 가정과 열린듯 정해져있는 결말씬까지 감독이 하나하나 신경 써서 영화를 만든 것이 느껴진다. 위험한 정사와 함께 불륜을 다룬 영화 중에는 최고로 잘 만든 영화지 않을까 싶다.",10
범죄도시2,"앜ㅋㅋㅋㅋ장이수땜에 진짜 웃다가 눈물흘림요 강해상,마동석에 맞먹는 존재감",10
베테랑,와우.... 완성도 높은 영화다... !!!,10
마녀(魔女) Part2. The Other One,마트씬 갑분 드라마 ㅋㅋ그리고 억지스러운 러브스토리 라인 ㅋ갑자기 그딴거 왜넣음….?,1
엘비스,"처음에는 흑인의 소울에 감탄을 했고이야기가 진행되면서 나도 몰랐던 어디서 들어본 노래였음에 또 다시 감탄을 했다. 어느샌가 콘서트에 온듯 나의 몸도 함께 좌우로 흔들었고 또 다시 이어지는 이야기에 나는 더이상 아까 들어본 노래를 그저 흥얼거릴수 없었다. 마지막에는 뭔가 나를 누르는듯하면서도 가슴 한편이 먹먹하며 알수없는 한숨만 새어나왔다. 엘비스의 노래를 그저 단순히 신나는 노래, 어디선가 들어본 노래로 남겨두기엔 여운이 강했고 그의 신나는 노래가 더욱 슬프게 느껴졌다. ",10
탑건: 매버릭,무슨말이 필요해 모든것이 완벽,10
헤어질 결심,마.침.내. 박찬욱 감독님은 박찬욱 했습니다. 미결과 완결사이의 영원이라는 평을 봤지만 난 완벽한 완결이라 생각한다.하지만 여운이 계속 남도는건 미련일까..?이 여운이 오래 갈 것 같다.,10
헤어질 결심,영상구도 대박 박해일 연기 대박,10
제인 도,이영화 평점들이 대체로 좋던데 그정돈 아닌듯,3
토르: 러브 앤 썬더,"나는 재밌었는데 왜들 그러지... 적어도 토르 1,2 보다는 좋지 않나....",9
탑건: 매버릭,인생영화.. 평점이 충분히 수긍이 간다.,10
범죄도시2,"강해상이 칼로 난도질할 때, 한번 푹 찌르고 끝내는 고전적인 액션이 아니라푹푹푹푹 거릴 때, 내 심장도 두근거렷다 우아앙",10
탑건: 매버릭,"조종사들이 중력을 견디는데, 왜 나도 숨을 못쉬겠징",10
헤어질 결심,오랜만에 극장에서 봤는데~깊은 여운이 남는 영화 네요,10
킬 빌 - 1부,쿠엔틴 타란티노는 천재 같다 배경음악과 통틀어 애니메이션 파트를 만들 생각을 했을까 타란티노의 명작!!,10
탑건: 매버릭,지린다인생영화인듯,10
멘,"뭐지? 이 기괴함과 모호함은? 이 기분나쁜 공포는? &amp;#39;금단의 사과&amp;#39; 와 Man의 복수형 &amp;#39;Men&amp;#39;으로 태초부터 자행되어온 남성의, 인간의 폭력의 굴레로 해석을 할 수는 있지만... 일단은! 굳이 해석하고 싶진 않은! 그저 지금 이 그로테스크한 괴랄한 기분이 너무 좋은!",8
짝패,한국판 킬빌 화끈한 액션을 볼수 있음 이범수의 악역 연기도 좋았음!,10
마녀(魔女) Part2. The Other One,아 이게 뭐냐. 코믹을 왜 넣냐. 그리고 중국돈 받았나 갑분싸 중국팀은 뭐고. 산만한 스토리. ,2
앵커,뭔가 부족한 느낌은 있지만 스토리라인 연기모두 좋았다 생각보다 잘 만들어진 스릴러.,7
토르: 러브 앤 썬더,이상한개그만 빼면 러닝타임 1시간일듯,7
오로라 공주,아프다  마음이...나쁘게살지마라~  죄값은 언제나 받는다~,10
퍼펙트 케어,여성영화인척 하면서 사회적 약자인 노인을 이용해서 돈버는건 뇌절인거같았고걍 뒤질때 속 시원했음,2
마녀(魔女) Part2. The Other One,허세만 가득한 중2병 영화 같음 이걸 재미나게 봤다고 하는 분들은 도대체 어떤사람들인지 ㅋㅋ참이종석은 도대체 왜 섭외를 한건지 ,2
범죄도시2,"시리즈온으로 풀리자마자 봄. 폭력은 지양되어야하지만, 폭력에 비폭력으로 응징해봤자. 폭력으로 정당하게 응징해도되는?;;;; 세상이 오길;;",9
용루각2: 신들의 밤,정화 조현땜에 1점 더드려요,2
멘,A men. 아…멘..,7
스타 이즈 본,"마지막 10분은 정말 눈물만 나요 ㅠㅠ서로 너무 사랑해서 하는 행동들이, 각자의 입장들이 너무 이해가 가서 더 슬퍼요.나오는 노래마다 전부 좋고, 연출이며 연기며 빠지는 게 없어서 두 번 세 번 다시 보고 싶을 영화입니다.여운이 오래 남을 것 같아요..",10
매트릭스: 리저렉션,킬링타임으론 볼만해요,10
핸썸,이게 뭐야 즐라탄 행님..,1
사랑이 무서워,지루할틈이없다 꼭보시길,10
큐어,영화 끝나고 옆자리 사람 죽일뻔 함,7
명탐정 코난: 베이커가의 망령,"이번 극장판 할로윈의 신부 보고 상처입은 마음 치유 받으러 왔다. 최근 극장판을 보면 늘 그리워지는 명작 베이커가의 망령. 이때의 잔인한 범행묘사가 좋고 그림체와 코난의 추리 과정이 완벽하다. 2002년에 짠 스토리라고는 믿기지 않을 인공지능과 가상현실 소재의 사용은 몰입도를 한층 더 가중시킨다. 기득권층의 부패, 아동학대 등 사회문제를 꼬집어 교훈을 주는 어른을 위한 영화. 코난 찐팬들이 말하는 코난 극장판 ‘1위’ 작품은 바로 이 영화이다.",10
특송,스토리 전개가 황당배우 연기는 좋음,6
마녀(魔女) Part2. The Other One,마녀3  매렵다..ㅠㅠ,10
마녀(魔女) Part2. The Other One,기대를 너무 많이해서 그런지 김빠진 콜라 맛,4
나나,나나 두명 빼고는 다 패고싶다...원작의 애정으로 참고 봄. 원작의 감성이 있어서 좋았으나 나머지 배우들 캐스팅이 다 최악.,6
공수도,솔직히 좀 유치한 면은 있는데 존나 재밌는데?,10
장산범,?.?.?.?.??,1
탑건: 매버릭,완전 꿀잼!! 꼭보세요 두번보세요,10
마녀(魔女) Part2. The Other One,너무 기대했나봐요ㅜㅜ기대없이 봤음 좋았을까요ㅜㅜ,8
캡틴 필립스,"울음에는 여러 감정이 동시에 담기곤 한다.안도감, 비통함 그리고 무력감.",9
헤어질 결심,"천만 관객을 노린다는 박찬욱 감독님, 제 생각에는 아무래도 이거 오타쿠 백만 관객이 10번씩 봐야 그렇게 되겠는데요 ... 일단 저는 각본집도 구매했어요, 마침내.",10
탑건: 매버릭,"밀리터리 파일럿 전투기 관련 내용을 전혀 모르고 봐도, 또 원작에 대해서 전혀 모르고 있어도!!  남녀노소 누가 봐도!!  전율과 가슴벅참을 느낄수 있는 탑건은!!! 최고의 명화라는 역사를 다시 썼다!!!",10
로스트 도터,심리를 잘 묘사했다,7
범죄도시2,극장에서 누가 대포쏘냐,6
탑건: 매버릭,최고최고최고최고..,10
탑건: 매버릭,아재한테 반할뻔….중년 하이틴 제대로다 ㅇㅇ내가 조종기 모는줄 ㅎㅎ진짜 뒷 부분 심장 쿵쿵거릴정도로 긴장감 넘침,9
패왕별희 디 오리지널,앞으로 중국에서 이런 영화를 만들수 있을까 인생영화..,10
엘비스,너무 길어서 중간에 졸리는 구간이 있긴하지만 정말 훌륭한 영화입니다. 일반관에서 1회차 했는데 왤캐 늦게 이 영화를 찾아봤는지 모르겠네요 돌비나 스엑도 찾아보고 싶은데 거의다 내려가서 ㅠㅠㅠ 제발 추가 상영 해주세요,10
토르: 러브 앤 썬더,저는 이영화가 왜 호불호가 갈리는지 이해하지 못할정도로 만족하고 몰입해서 봤습니다.앤드게임 이후 마블의 영화중 가장 만족입니다 ,10
클로버필드 10번지,흥미진진 서스펜스에서 그저그런 좀비물로,6
토르: 러브 앤 썬더,무난한 토르였어요~,8
너를 죽이고,이런 영화는 진짜 시간낭비다도대체  이런건 뭐하러 만든건지그냥 사람 잘못알고 납치 했는데납치당한 여자가 모두 죽이고부동산 삼실 뒤에 창고 같은 곳에장비들은 왜 있는건지~억지로 만드느라 애쓴듯여자가 낭자 4명죽이고그전에 지 친구 죽이고나중에보니 친구가 가져온 가방에돈이있다~끝인 영화다스토리도 없고 진짜 시간낭비다이런건  재작자 죽이는 일이다,2
용루각: 비정도시,정화? 이쁘다 이쁜데 목소리가 너무…영화와 맞지 않는 느낌 집중이 안 되네요 아쉽,1
쥬라기 월드: 도미니언,티렉스 완전 동네북에 막타충 신세네 현실고증은 티렉스가 기가노토건 스피노건 씹어먹어야 정상 아니냐? ,1
그레이 맨,넷플도 좋지만 영화는 영화관에서 보는게 꿀,7
엣지 오브 투모로우,이러는 영화는 많다 하지만 이런 영화는 없다,7
토르: 러브 앤 썬더,너무 웃겼음ㅋㅋㅋ마블덕후면 재밌게 볼만한 영화,10
